companyid,locationid,rowcount
org-ug5zsn9mpq,loc-x4pw1awq97,6944141
org-ug5zsn9mpq,loc-f5apk9hxfi,5547591
org-aeb28116-ef76-488e-aa3a-07a1f5f6d730,loc-5612a26c-93bf-4d92-b208-33a8ec1b95a7,5369201
org-530088c8-b610-400a-9514-35746de2f969,loc-3cdd17a5-bc1e-4fcd-871a-0b9f8fe378d1,5125968
org-5cf80db5-7a28-4dcf-846b-8cdf5f362269,loc-73ad6e86-1f5c-4123-adbb-4b12339ea171,4115931
org-0281beee-a2f2-46fb-ac88-cc20df85fbfc,loc-d60c9341-3aa1-4d8d-a44f-1840d257111b,3876926
org-00a1dad9-d1c8-427f-807c-033745d7d4cb,loc-295d86df-b65a-43b9-8f98-cc2d5ba06b87,3788435
org-5cf80db5-7a28-4dcf-846b-8cdf5f362269,loc-7d483b28-0129-4e28-b32c-105bfcc993f0,3294179
org-01f3c609-7e51-4d35-8d13-d00634a67c42,loc-396f1075-e9d7-47c8-89b3-575d7b8dcb1c,3042056
org-0281beee-a2f2-46fb-ac88-cc20df85fbfc,loc-38170088-1b4b-4b2d-941c-bb462cc576b1,3028606
org-46f20731-82ee-4e43-804d-e09066ca0cd8,loc-7e9a71bd-fc62-4b65-8b66-a702d65cbf5a,2735910
org-bc69b704-54f9-4233-bcd5-16c052d58d8f,loc-7be755c3-4af6-47c5-a134-b09beb7e23e0,2650344
org-0281beee-a2f2-46fb-ac88-cc20df85fbfc,loc-0157f49f-e7c0-4cc4-9ab7-4f7a8d2c26d3,2620559
org-0281beee-a2f2-46fb-ac88-cc20df85fbfc,loc-c6dce51c-4fff-4c9a-940a-9f975cda8d66,2582818
org-0281beee-a2f2-46fb-ac88-cc20df85fbfc,loc-41cca490-a602-459f-8868-e55c80b105ac,2470644
org-18dfd16e-0586-43cb-84d7-b26af3ce4db1,loc-e0ec65bd-7ed5-4f54-8373-62e5cfdf7aa7,2162973
org-14bb3e55-31ab-48f3-8a7f-b11e32c097c0,loc-a572fa8d-d4f4-4a3b-9c5b-b3d311b7b4cf,2162335
org-0281beee-a2f2-46fb-ac88-cc20df85fbfc,loc-0ffac336-5724-4a62-ac33-76c2902467b6,2153084
org-45298862-0aa5-4254-9985-73fffcc7bbf3,loc-75b6d876-062b-4692-8778-089e5755329d,2150320
org-14bb3e55-31ab-48f3-8a7f-b11e32c097c0,loc-e0f008f1-fe99-4214-8922-f1093546bd70,2039635
com-8umc347sbf,loc-fa186c95-b531-4744-8332-607cd7ba68f5,1988168
org-5cf80db5-7a28-4dcf-846b-8cdf5f362269,loc-8ead49a8-798b-4786-988a-90bbbb4775c7,1976273
org-0281beee-a2f2-46fb-ac88-cc20df85fbfc,loc-5db960d5-43d2-403f-9734-befc0b77cb1c,1682376
org-5cf80db5-7a28-4dcf-846b-8cdf5f362269,loc-26335157-cfac-40a3-b901-2bca43618bc6,1653809
org-0281beee-a2f2-46fb-ac88-cc20df85fbfc,loc-aaf3db0f-070f-466e-b393-2b4c7455ec72,1641310
org-0281beee-a2f2-46fb-ac88-cc20df85fbfc,loc-54c315c1-bc3d-4973-963d-b564ead612bd,1559181
org-4c37c494-b638-45ce-90a7-66744964c2e1,loc-e73fdbc1-d8cb-4e88-9809-8f7041cab09b,1448356
org-668e8d67-584b-4d48-8612-9ddec5f0818c,loc-84520663-9db7-4154-aab9-33ca718b550e,1383473
org-45298862-0aa5-4254-9985-73fffcc7bbf3,loc-592900ef-9fa7-4d9d-b3e5-7482f96d4026,1383062
org-d7a82a2f-b933-4459-8a1e-91a605df80f7,loc-f89e4bcb-5adf-46be-ba21-359fb6eb465e,1361715
org-0281beee-a2f2-46fb-ac88-cc20df85fbfc,loc-72cd6945-5b7c-4fa5-942b-ee3ec8f21881,1356856
org-0281beee-a2f2-46fb-ac88-cc20df85fbfc,loc-ae6000db-6fdc-4c4a-9a68-d321a44cb6a1,1356360
org-0281beee-a2f2-46fb-ac88-cc20df85fbfc,loc-204039f9-110e-4c41-8cbb-b9d6c04de215,1301885
com-8umc347sbf,loc-a28a539a-edf5-41e1-9e6f-c1cda652c76f,1283998
com-8umc347sbf,loc-21e743bf-9696-4252-ba52-69f2c9ccd90c,1279403
org-d7a82a2f-b933-4459-8a1e-91a605df80f7,loc-ed51bbb5-c506-4984-b9d9-ab505e6e351f,1252497
org-668e8d67-584b-4d48-8612-9ddec5f0818c,loc-9655cd44-3062-4b0e-9ed5-d706c8901577,1203709
org-c9616111-4382-4704-bf5e-b4ec300a4a92,loc-fc13a3c5-167a-45fc-b6b5-6ac401f88ced,1188904
com-8umc347sbf,loc-77044501-2188-4fbc-b97b-39efed1bc190,1184259
org-d7a82a2f-b933-4459-8a1e-91a605df80f7,loc-48c7aa17-b789-4d26-98df-311ee606f3ad,1166923
org-2b3dfdb4-c6b5-4cb1-ae7f-46b332638844,loc-ac905f5d-6f72-4057-b055-6a466c4b86d6,1139575
org-d7a82a2f-b933-4459-8a1e-91a605df80f7,loc-92a4c9fb-2612-407d-a2a7-99b160ece6ce,1126517
org-01f3c609-7e51-4d35-8d13-d00634a67c42,loc-7cb3b51b-773e-4554-8436-f741d528d855,1124879
org-5cf80db5-7a28-4dcf-846b-8cdf5f362269,loc-96f0d639-95a2-4e42-b9ba-35e836bec523,1119871
com-8umc347sbf,loc-779e001a-c867-4306-8fdf-448f29c56290,1116532
org-5834d77c-4c45-4f98-a110-4c0fcd977490,loc-c9df0f68-c306-4dea-9fd3-290417065a03,1116387
com-8umc347sbf,loc-d52babc8-746a-42a5-bbc0-7b2f43a1b660,1100985
org-0281beee-a2f2-46fb-ac88-cc20df85fbfc,loc-01064db7-fb4e-488c-b0dc-441486c632db,1100126
org-668e8d67-584b-4d48-8612-9ddec5f0818c,loc-190e5422-ecb9-49a8-bd6b-54c47994b2d5,1095487
org-668e8d67-584b-4d48-8612-9ddec5f0818c,loc-8c9c2408-f777-435d-ab74-2cfab68e6c14,1094161
org-668e8d67-584b-4d48-8612-9ddec5f0818c,loc-7357248d-0c41-44fd-9e81-b75625a84fb0,1093342
org-668e8d67-584b-4d48-8612-9ddec5f0818c,loc-7990cb9a-7486-4085-b010-2f1590c1392d,1090782
org-668e8d67-584b-4d48-8612-9ddec5f0818c,loc-0fa39b77-9897-4d35-9c23-c94ec9d08db2,1083450
org-5cf80db5-7a28-4dcf-846b-8cdf5f362269,loc-f8417e68-4a8a-4fa6-8c9b-780564b86a90,1073021
org-d7a82a2f-b933-4459-8a1e-91a605df80f7,loc-749841c8-32bd-499c-a44a-e6f02d33e470,1049686
com-8umc347sbf,loc-483462b9-7b2c-44eb-8c16-33cac9589945,1030275
org-3f114600-d00c-435d-8b54-7492b7f7594c,loc-137c453f-b207-441c-ad04-781f4982fa4d,1022654
org-5cf80db5-7a28-4dcf-846b-8cdf5f362269,loc-d30b1e76-3b2b-42cf-b357-f4790df19159,1017129
com-8umc347sbf,loc-s5pqvoevcz,1017068
org-38ce5a94-18db-40ef-afbf-d5988bed091a,loc-f859d799-5229-4ac0-a177-67f9065e8f6e,1012372
org-5834d77c-4c45-4f98-a110-4c0fcd977490,loc-d325c65a-1aac-4655-a73f-1e4a067f27c7,1007877
com-8umc347sbf,loc-fd77231f-5825-48e1-b7cb-931a1eccd0be,1001456
org-7cad1564-b674-4022-8891-f2c9b714b00c,loc-8f7cae60-8965-4d63-b2f3-01889d982ca4,985704
org-0281beee-a2f2-46fb-ac88-cc20df85fbfc,loc-b3dc6588-dc7e-45c4-a854-e5a53d42744a,962515
org-7bd17b79-edd7-48bf-b655-dd2fbb1650a7,loc-a8a9f2ba-6a35-4a1e-b68b-f4191e9e6e26,957455
org-14bb3e55-31ab-48f3-8a7f-b11e32c097c0,loc-8a2666e8-7de0-4ed3-b80f-4d70592d78dd,947521
org-668e8d67-584b-4d48-8612-9ddec5f0818c,loc-ad1afdeb-0f0a-4360-8928-871db3c0bbf8,938872
org-da401e9e-f16f-4b29-a3a3-98b7abdc8258,loc-77a015fe-e023-4066-be13-664e19db8268,921231
org-668e8d67-584b-4d48-8612-9ddec5f0818c,loc-dffdab42-5a5e-47de-81d6-643860613c34,918627
org-5cf80db5-7a28-4dcf-846b-8cdf5f362269,loc-a6aafc68-5169-459a-90f1-738daa380ff5,915901
org-7bd17b79-edd7-48bf-b655-dd2fbb1650a7,loc-0be64e65-c6e8-460f-bc14-6c5558eef57e,913768
org-5cf80db5-7a28-4dcf-846b-8cdf5f362269,loc-704c0f96-3b03-414d-a620-be6e12fde2be,895595
org-668e8d67-584b-4d48-8612-9ddec5f0818c,loc-305a7856-ac3e-417f-a37e-6a0605385621,871429
org-5cf80db5-7a28-4dcf-846b-8cdf5f362269,loc-fcf1b5c8-2ecc-400e-941d-75b1f6aa1074,869899
org-bbd556dc-41be-4f09-9c5a-2024e9ad716b,loc-6e6a1e38-f495-417a-95a0-cc9a1dd1a88a,866167
org-5834d77c-4c45-4f98-a110-4c0fcd977490,loc-e365648a-13cb-42f8-a7eb-0a902fe304c9,854250
org-0281beee-a2f2-46fb-ac88-cc20df85fbfc,loc-d98b26e6-ba02-4f65-8f2f-4cb248ab5ba3,850707
com-8umc347sbf,loc-f09b91be-9f5a-47c6-a066-e5d04d8d7e44,828044
org-14bb3e55-31ab-48f3-8a7f-b11e32c097c0,loc-d7bb5d5b-95ea-4972-8d7d-a823a82fb8ac,816136
com-8umc347sbf,loc-38dcdddb-a890-48c0-9722-a6414e549f24,810305
org-fba0a395-8aee-478a-b62b-1738bcd93d19,loc-837a3106-de3a-4685-8479-0825f27cb229,799597
org-668e8d67-584b-4d48-8612-9ddec5f0818c,loc-bed4f20a-3ce8-4b2c-b851-6d771303ff38,793632
org-5cf80db5-7a28-4dcf-846b-8cdf5f362269,loc-12cee73d-0186-42be-81f7-3dd208d004f9,783502
org-490e23ce-6f23-4d3d-8544-8728f0965cfc,loc-bc017a27-667a-4bcd-b10c-a0e21794d992,775331
org-7bd17b79-edd7-48bf-b655-dd2fbb1650a7,loc-4d96bc3b-7304-4a31-ad56-f0466744df75,768622
org-5834d77c-4c45-4f98-a110-4c0fcd977490,loc-d4e7648f-7199-46c4-aab3-9e903e66971b,766440
org-5834d77c-4c45-4f98-a110-4c0fcd977490,loc-3e72642e-93c8-47c2-9dfb-91f249426a34,736543
org-668e8d67-584b-4d48-8612-9ddec5f0818c,loc-e1e4d253-3d61-4b1f-8240-5a404ee287e1,729314
org-668e8d67-584b-4d48-8612-9ddec5f0818c,loc-cf857254-1c39-4e7e-8904-53fcb66b6248,727801
org-5834d77c-4c45-4f98-a110-4c0fcd977490,loc-f45d48b4-a2b8-458e-b434-f2ac2983f3be,723143
org-668e8d67-584b-4d48-8612-9ddec5f0818c,loc-49774d21-e98a-4e10-bcd5-5ed4c2883b9a,720718
org-668e8d67-584b-4d48-8612-9ddec5f0818c,loc-2e838c6c-3455-4313-bd59-9f0a97700e38,719839
org-5cf80db5-7a28-4dcf-846b-8cdf5f362269,loc-cd96e9f4-fb5d-4198-88bd-dccec1df1ada,716786
org-668e8d67-584b-4d48-8612-9ddec5f0818c,loc-d098e4b4-a8c0-4bf1-a88c-d25c23138514,716095
org-668e8d67-584b-4d48-8612-9ddec5f0818c,loc-9ce3e640-028a-4711-818d-b804f5f16f17,711889
org-668e8d67-584b-4d48-8612-9ddec5f0818c,loc-3441eef3-eee3-4dc0-8846-4a996d75857d,703791
org-668e8d67-584b-4d48-8612-9ddec5f0818c,loc-14d142cd-81a9-4b9a-a568-ed62c9ac383f,701555
org-5834d77c-4c45-4f98-a110-4c0fcd977490,loc-61152b60-0b3d-44a6-b465-9d734b43c486,700351
org-668e8d67-584b-4d48-8612-9ddec5f0818c,loc-fe81fb54-4da8-4943-ab9f-a4cfc1957c60,700063
org-668e8d67-584b-4d48-8612-9ddec5f0818c,loc-c4fd74d5-7ea1-413d-8b7c-660ac593fb31,700030
org-75ac29f0-21d8-4fa7-b7f9-b010d5df026d,loc-5edcc47a-4a7e-42c0-ac2c-bef187a5f441,697002
org-5834d77c-4c45-4f98-a110-4c0fcd977490,loc-f876b618-684e-449b-a1cc-78103eb107b9,694380
org-5834d77c-4c45-4f98-a110-4c0fcd977490,loc-e509db67-dceb-4364-927c-bcae709f1ecd,689953
org-668e8d67-584b-4d48-8612-9ddec5f0818c,loc-b3f140cf-5650-4b76-9fac-9185031740fd,687412
org-668e8d67-584b-4d48-8612-9ddec5f0818c,loc-a0c1eadb-0948-4253-b02f-c5c4d74917a1,685059
org-d7a82a2f-b933-4459-8a1e-91a605df80f7,loc-4b3ddf66-ef2d-4949-8f6f-8ba682643fe2,681445
org-5834d77c-4c45-4f98-a110-4c0fcd977490,loc-ee16912d-9d21-4822-8ec9-d1321567cd59,680527
org-668e8d67-584b-4d48-8612-9ddec5f0818c,loc-b3e82cc5-5db3-4476-8281-9ce8d19915ec,675922
org-5834d77c-4c45-4f98-a110-4c0fcd977490,loc-62bbde15-8b8a-4129-b14d-a466fc5beecf,673648
org-668e8d67-584b-4d48-8612-9ddec5f0818c,loc-461e561f-38ec-4672-8385-1b25ecaaf226,673584
org-5cf80db5-7a28-4dcf-846b-8cdf5f362269,loc-fac2564f-90b3-4155-86ff-0571865b4e7b,669809
org-38ce5a94-18db-40ef-afbf-d5988bed091a,loc-c0946d5a-823a-46b3-be2c-4a1ab3fffce7,666033
org-5cf80db5-7a28-4dcf-846b-8cdf5f362269,loc-2c42b655-4900-4e77-ac61-a2a06e3e2bb9,664517
org-5834d77c-4c45-4f98-a110-4c0fcd977490,loc-e63ead6b-bcd5-447f-9b0f-c3efc0a57ed8,654225
org-668e8d67-584b-4d48-8612-9ddec5f0818c,loc-f27b5b7c-ece9-4e9d-bf9b-ac1e2a74eaea,635789
org-668e8d67-584b-4d48-8612-9ddec5f0818c,loc-910ccc78-c44d-4c87-a212-3977322c2f5a,634356
org-5834d77c-4c45-4f98-a110-4c0fcd977490,loc-701932a3-cee6-49c9-9515-eb4dcb35b60c,620146
org-5834d77c-4c45-4f98-a110-4c0fcd977490,loc-0ed5276c-c9bd-49ff-912b-c7af6cf1fdda,610576
org-668e8d67-584b-4d48-8612-9ddec5f0818c,loc-d15d72a6-1e82-4f9d-bcd5-6639630e7e57,610519
org-ccab0ac0-6515-439e-9adc-80ac4b40fed8,loc-03029693-f7f5-4c89-aa2c-b64234cc4b94,608655
org-668e8d67-584b-4d48-8612-9ddec5f0818c,loc-89a65ac0-5146-4995-8165-08873c63688f,597643
org-5834d77c-4c45-4f98-a110-4c0fcd977490,loc-5899e290-d6bd-4348-9776-37f3350b8e3c,591476
org-668e8d67-584b-4d48-8612-9ddec5f0818c,loc-6823efa4-c0cf-4d00-ae61-e1adcccf50a6,588948
org-5834d77c-4c45-4f98-a110-4c0fcd977490,loc-ed516b0c-a55a-4958-80fb-0b9431d1e18d,588009
org-45298862-0aa5-4254-9985-73fffcc7bbf3,loc-1065ad81-b36e-487c-9ceb-c9c59a75a8c9,587013
org-5834d77c-4c45-4f98-a110-4c0fcd977490,loc-d4503726-7ac0-4ffe-bccf-807408598357,586164
org-668e8d67-584b-4d48-8612-9ddec5f0818c,loc-b0807693-36d7-4aea-9b7e-aebb63581d5c,584483
org-d7a82a2f-b933-4459-8a1e-91a605df80f7,loc-e6eee7f7-d493-41f8-95c7-f7342476a284,584031
org-d7a82a2f-b933-4459-8a1e-91a605df80f7,loc-0da6d691-ba49-4ddd-8099-f2728ad66990,577078
org-668e8d67-584b-4d48-8612-9ddec5f0818c,loc-7655d8fa-a84a-4a92-888d-2c03fb70f341,575884
org-668e8d67-584b-4d48-8612-9ddec5f0818c,loc-066c9159-0ba5-450b-9bf2-f3ca269a6fbd,574058
org-5834d77c-4c45-4f98-a110-4c0fcd977490,loc-f697d511-33ee-4a03-a51b-8ab25d2d98b1,568591
org-5834d77c-4c45-4f98-a110-4c0fcd977490,loc-5c317ea9-5212-4e72-80de-81898d160f0e,566791
org-668e8d67-584b-4d48-8612-9ddec5f0818c,loc-aaec9180-cd18-4f47-b70b-c5adaf9a4063,564718
org-d7a82a2f-b933-4459-8a1e-91a605df80f7,loc-29325571-18aa-49b6-a920-7efb823a94ff,563181
org-5834d77c-4c45-4f98-a110-4c0fcd977490,loc-899b280d-1a44-48e0-86ee-249fe52ea258,561725
org-21b9c258-ad27-4aab-8663-4d480c235950,loc-3967cbff-06ed-4dab-81c9-05125fe88c26,560143
org-668e8d67-584b-4d48-8612-9ddec5f0818c,loc-ad94c704-8454-4f07-82cd-8189bbba392f,550470
org-668e8d67-584b-4d48-8612-9ddec5f0818c,loc-8c5f682f-c50c-4587-a6c9-eae3e30b6204,535986
org-d7a82a2f-b933-4459-8a1e-91a605df80f7,loc-5d3e798b-ae0e-4b1f-a40f-6456efcf6985,531974
org-668e8d67-584b-4d48-8612-9ddec5f0818c,loc-f4e2b6db-00b1-47cc-8024-5a9db9640cf7,518795
org-aeb28116-ef76-488e-aa3a-07a1f5f6d730,loc-aac6bbd8-40da-43dd-a9db-4faf4a2e775e,509858
org-42a2fc0d-1696-4fd9-8c9e-dc5504f903c2,loc-2d672932-a1b7-4ff0-a848-d65c0c18c417,508133
org-5834d77c-4c45-4f98-a110-4c0fcd977490,loc-e1cbf539-41ed-4dfa-aa0c-56a0368d6c55,502167
org-5834d77c-4c45-4f98-a110-4c0fcd977490,loc-23d05a7a-d767-45be-88bf-636b281e5692,500721
org-668e8d67-584b-4d48-8612-9ddec5f0818c,loc-806131be-ae51-49a8-b051-ea9d325a6717,498755
org-5834d77c-4c45-4f98-a110-4c0fcd977490,loc-6bf3b7e9-fcf1-4609-afbe-ac8b51ec0fa3,494336
org-d7a82a2f-b933-4459-8a1e-91a605df80f7,loc-f89e4c34-f8bb-4c55-88a5-e8a264251544,489997
org-668e8d67-584b-4d48-8612-9ddec5f0818c,loc-07a229c5-8c6a-48f8-b86d-95b3792ca617,487207
org-668e8d67-584b-4d48-8612-9ddec5f0818c,loc-f4ef6e00-3960-4e1a-ad94-ccc75c0fead1,486684
org-5834d77c-4c45-4f98-a110-4c0fcd977490,loc-40877ecc-4697-4232-b256-8596bebb849e,482086
org-668e8d67-584b-4d48-8612-9ddec5f0818c,loc-b3fddbc2-3e9c-473f-807e-95341114fb17,474819
org-668e8d67-584b-4d48-8612-9ddec5f0818c,loc-e5e55d24-c341-41ee-b931-7ad4568c3882,466001
org-5cf80db5-7a28-4dcf-846b-8cdf5f362269,loc-4e32f55b-d292-4812-a2a9-ebcf2a8c4239,465480
org-5834d77c-4c45-4f98-a110-4c0fcd977490,loc-9da5a710-801c-42e6-92a0-4c61769dcf8a,464488
org-ccab0ac0-6515-439e-9adc-80ac4b40fed8,loc-bc4a9873-fcca-471a-b40a-5fd70fd9ee8d,463093
org-668e8d67-584b-4d48-8612-9ddec5f0818c,loc-14033a3b-a660-4c96-a4a1-0cddcece44cc,460944
org-668e8d67-584b-4d48-8612-9ddec5f0818c,loc-3c9281bb-cf08-4884-9900-56f4a02e1013,458591
org-5834d77c-4c45-4f98-a110-4c0fcd977490,loc-40d95b42-2871-492a-ad9a-5d142a81fa63,456193
org-668e8d67-584b-4d48-8612-9ddec5f0818c,loc-1af466a2-2e59-4941-8cb3-880f210250bc,454962
org-668e8d67-584b-4d48-8612-9ddec5f0818c,loc-ac10512e-5287-4fe8-9313-1872cbc80ad6,452054
org-668e8d67-584b-4d48-8612-9ddec5f0818c,loc-43ec7920-1229-4d3c-b6c2-c5eacfd7bbde,451117
org-5834d77c-4c45-4f98-a110-4c0fcd977490,loc-a8185ea9-854f-478f-876c-4a881a2e09ed,444370
org-5cf80db5-7a28-4dcf-846b-8cdf5f362269,loc-433970f2-657a-470c-8b1c-e44df2218a76,442052
org-668e8d67-584b-4d48-8612-9ddec5f0818c,loc-4356aea2-e002-4ecc-8794-dbaa859c3194,437566
org-5834d77c-4c45-4f98-a110-4c0fcd977490,loc-4bdb8e16-597d-4bc9-a935-00670af666f8,436760
org-668e8d67-584b-4d48-8612-9ddec5f0818c,loc-3b89e8c0-f186-4f28-bf49-890bf8d4ec60,433730
org-5834d77c-4c45-4f98-a110-4c0fcd977490,loc-93747373-951d-430f-bd5d-b67961a0e770,433068
org-00523c63-32e3-4348-8d6f-09ed1fc2d631,loc-fb8f948a-e446-4762-a8d6-eb38c3b4daa3,429668
org-490e23ce-6f23-4d3d-8544-8728f0965cfc,loc-6039d18b-f09e-481e-a934-905ce13eec06,428972
org-5cf80db5-7a28-4dcf-846b-8cdf5f362269,loc-353c730c-36ca-4575-95f8-38516cdc9de7,427993
org-5cf80db5-7a28-4dcf-846b-8cdf5f362269,loc-628b5462-a708-45b9-a4b3-011c01aef0ee,424169
org-668e8d67-584b-4d48-8612-9ddec5f0818c,loc-16e2d069-e9f6-40b1-a000-cfcf238db213,422379
org-5834d77c-4c45-4f98-a110-4c0fcd977490,loc-088df87f-31d9-456c-8fcc-f985efdbc833,421898
org-bbd556dc-41be-4f09-9c5a-2024e9ad716b,loc-a9cb13d0-67e7-4a51-87e4-98bb34ea5e65,409122
org-668e8d67-584b-4d48-8612-9ddec5f0818c,loc-656151ba-420e-4a25-9080-bafb58287495,408209
org-668e8d67-584b-4d48-8612-9ddec5f0818c,loc-103da4f9-252c-4048-91ef-c90cf579a349,404786
org-668e8d67-584b-4d48-8612-9ddec5f0818c,loc-51b26ccb-000a-4482-aca9-f6d1dd39d6ff,402249
com-8umc347sbf,loc-4f5e19fe-b316-4b99-91cb-fae4d8e86941,401215
org-668e8d67-584b-4d48-8612-9ddec5f0818c,loc-3768ecda-b2df-4fc6-b83b-4c612f89cbe9,399922
org-668e8d67-584b-4d48-8612-9ddec5f0818c,loc-c2078910-1582-408e-8259-470757ec4f14,398805
org-668e8d67-584b-4d48-8612-9ddec5f0818c,loc-14a27627-6010-44b6-abd1-a9f8b6ec5d1b,397992
org-d7a82a2f-b933-4459-8a1e-91a605df80f7,loc-32d16fca-766b-4d1c-82d6-248945ab14cd,394914
org-5cf80db5-7a28-4dcf-846b-8cdf5f362269,loc-e390d35e-b9cd-48a7-8c98-574980e8fc0c,393178
org-5834d77c-4c45-4f98-a110-4c0fcd977490,loc-266cfe82-6356-444c-857a-b8c130e69722,393062
org-668e8d67-584b-4d48-8612-9ddec5f0818c,loc-cf7a3269-897f-4067-93e7-1f7394733ab0,391762
org-668e8d67-584b-4d48-8612-9ddec5f0818c,loc-148eeebd-15c0-4393-b159-5aa96044a6de,391561
org-668e8d67-584b-4d48-8612-9ddec5f0818c,loc-ed1c5ccc-c421-4e9b-ab94-db737c4e834a,391416
org-5cf80db5-7a28-4dcf-846b-8cdf5f362269,loc-4d0e5ec9-5008-4bdf-adba-b323b064364b,390959
org-5834d77c-4c45-4f98-a110-4c0fcd977490,loc-35c26f32-823e-40b4-a2fb-e7eb50af0135,390163
org-668e8d67-584b-4d48-8612-9ddec5f0818c,loc-0f98991e-927f-49f6-977f-46e3b104fac0,389042
org-5834d77c-4c45-4f98-a110-4c0fcd977490,loc-eebc0d7d-0ef7-489d-a2b8-d924dcfc6b27,387983
org-668e8d67-584b-4d48-8612-9ddec5f0818c,loc-7a805760-8280-423f-be81-a8467b2cba4d,385622
org-668e8d67-584b-4d48-8612-9ddec5f0818c,loc-ffe3c65d-1a86-474a-bf09-cb66d417c80e,384337
org-5834d77c-4c45-4f98-a110-4c0fcd977490,loc-c05f3637-5ac4-4ebd-84ee-e25d31307f86,384198
org-668e8d67-584b-4d48-8612-9ddec5f0818c,loc-38aaa37c-8bbf-4d6b-8eb0-e869b54d981c,380537
org-668e8d67-584b-4d48-8612-9ddec5f0818c,loc-892b60b6-84d0-48ad-9916-819a7133d725,379128
org-668e8d67-584b-4d48-8612-9ddec5f0818c,loc-adca97a0-d10b-44c0-a1d5-0d167e9f5a2b,377408
com-8umc347sbf,loc-d7145404-46ee-4f8a-846d-8bf472edfdd2,377194
org-14bb3e55-31ab-48f3-8a7f-b11e32c097c0,loc-4e2b6b96-eb98-4340-98f4-6295eb6921f9,372827
org-5834d77c-4c45-4f98-a110-4c0fcd977490,loc-6383be76-2838-4b8a-be5e-8f4ebcb724d5,372056
org-668e8d67-584b-4d48-8612-9ddec5f0818c,loc-491785c3-0a8a-4f8e-8d75-b0768db5caeb,371127
org-668e8d67-584b-4d48-8612-9ddec5f0818c,loc-98b89d97-5ffc-47d4-b83d-ab2d2c837fae,370965
org-668e8d67-584b-4d48-8612-9ddec5f0818c,loc-63dae913-076b-4062-be6c-13b50d025a0f,368971
org-5834d77c-4c45-4f98-a110-4c0fcd977490,loc-c4b563fe-a508-4638-a4a6-178796888b36,367961
org-668e8d67-584b-4d48-8612-9ddec5f0818c,loc-ffca7044-be48-4903-a9b3-0323d107ccea,366245
org-668e8d67-584b-4d48-8612-9ddec5f0818c,loc-2f696946-dd72-4e1d-9298-2aadf08f986c,363823
org-00523c63-32e3-4348-8d6f-09ed1fc2d631,loc-bc40a44e-7196-4268-8a5a-ef8c0da08547,362996
org-5834d77c-4c45-4f98-a110-4c0fcd977490,loc-7c3888c9-8f7a-4330-b643-7d17120079ad,362748
org-5834d77c-4c45-4f98-a110-4c0fcd977490,loc-dad04cd8-64bf-411b-8a1f-9218d041de3b,360211
org-668e8d67-584b-4d48-8612-9ddec5f0818c,loc-00c66a02-c1e0-4d49-ba72-69cb0953325d,358297
org-668e8d67-584b-4d48-8612-9ddec5f0818c,loc-bcac89b2-a938-4a8b-9fbb-c658890d8ce3,356763
org-668e8d67-584b-4d48-8612-9ddec5f0818c,loc-02599a04-6e3e-440c-bebe-fd2ed666fbe4,355340
org-668e8d67-584b-4d48-8612-9ddec5f0818c,loc-ed188a9a-7f43-4a6a-8fb9-a55ae1039879,351030
org-668e8d67-584b-4d48-8612-9ddec5f0818c,loc-d979c400-e63d-43a1-aa7f-ca7ecda73ef9,347800
org-5834d77c-4c45-4f98-a110-4c0fcd977490,loc-1971d050-cbc3-4556-b394-bc330ea3cef4,347606
org-5834d77c-4c45-4f98-a110-4c0fcd977490,loc-4daca22f-2e89-4d5a-9a22-9e88a06726a1,345571
org-668e8d67-584b-4d48-8612-9ddec5f0818c,loc-b1acc98a-e6c9-41b7-91ee-ef47729cba1d,341612
org-668e8d67-584b-4d48-8612-9ddec5f0818c,loc-08757c68-a431-4c55-83ef-cb8d6d2aa050,341389
org-38ce5a94-18db-40ef-afbf-d5988bed091a,loc-0157ddfc-5ed5-434f-8dfc-43d0ef0e4f58,339746
org-5cf80db5-7a28-4dcf-846b-8cdf5f362269,loc-dbc483d3-5c52-4dc5-95c5-dac1fd01e5ad,335369
org-d7a82a2f-b933-4459-8a1e-91a605df80f7,loc-412da9ef-ff8f-4a5b-b912-b05cb4c4d366,334805
org-5834d77c-4c45-4f98-a110-4c0fcd977490,loc-c23b1f84-d235-42c5-9aab-6aff630e2e0f,333317
org-668e8d67-584b-4d48-8612-9ddec5f0818c,loc-9a9ffb5c-7476-4916-98fe-0538bd17342e,331451
org-5cf80db5-7a28-4dcf-846b-8cdf5f362269,loc-4d0416dd-1e8d-4c88-ae10-883df6979d69,330791
org-668e8d67-584b-4d48-8612-9ddec5f0818c,loc-c9fb106a-950b-4f23-a7c5-da7029c6aed1,330288
org-5834d77c-4c45-4f98-a110-4c0fcd977490,loc-f61b4486-4233-4d83-918b-b024bf3e6fd6,329755
org-668e8d67-584b-4d48-8612-9ddec5f0818c,loc-1f85c6c2-bb4a-4f9a-baa8-b2dcf093ed75,326478
org-7bd17b79-edd7-48bf-b655-dd2fbb1650a7,loc-43bf64a7-6bc0-4a7a-ae4c-db21c12d4748,323962
org-668e8d67-584b-4d48-8612-9ddec5f0818c,loc-00e66d91-b241-4f86-bacb-ef72559d1b61,323675
org-668e8d67-584b-4d48-8612-9ddec5f0818c,loc-059b10f7-9ff0-4b92-954d-c12a45bf3c81,323253
org-d7a82a2f-b933-4459-8a1e-91a605df80f7,loc-4a592933-5a26-4adb-80c4-3d4f68f5960f,323131
org-668e8d67-584b-4d48-8612-9ddec5f0818c,loc-18878b6d-f3dc-4572-9ec3-ad8ca4b7c07c,318916
org-668e8d67-584b-4d48-8612-9ddec5f0818c,loc-cbe374ae-d56b-473f-996c-9cd5f92ff9c8,315379
org-ccab0ac0-6515-439e-9adc-80ac4b40fed8,loc-33c31a71-e343-4915-8c4d-8144a37fc72d,311319
org-668e8d67-584b-4d48-8612-9ddec5f0818c,loc-0db83060-c068-4143-95d1-d5bb47843336,310863
org-668e8d67-584b-4d48-8612-9ddec5f0818c,loc-d01c932a-10c7-4d48-95d7-7f536c1a8e8f,307973
org-5834d77c-4c45-4f98-a110-4c0fcd977490,loc-8f8b7895-6185-4936-8520-478a6bd02847,305925
org-00523c63-32e3-4348-8d6f-09ed1fc2d631,loc-a0f81f17-ee0c-45e7-bb9f-38fff54debb5,304897
org-668e8d67-584b-4d48-8612-9ddec5f0818c,loc-146f8528-6d37-4aa4-ac70-275d428a138a,304853
org-d7a82a2f-b933-4459-8a1e-91a605df80f7,loc-9f896deb-8f7a-4168-aefb-82bfe2073c96,303757
org-c6638110-f166-45a3-ab92-a9d03ca1b645,loc-60244c1f-8e92-42a1-9491-2c3324aa737f,303345
org-668e8d67-584b-4d48-8612-9ddec5f0818c,loc-ba209360-b149-4fc6-bcf6-c1ae5a99448a,303013
org-c0b45cff-b4b8-4bf2-8d97-5aca04145b9b,loc-cbdb114b-ca6f-4273-98c6-7530fc1e5c8a,301090
org-668e8d67-584b-4d48-8612-9ddec5f0818c,loc-e5297d6f-aaaf-48ae-bfd2-74a9d717e2c0,300575
org-668e8d67-584b-4d48-8612-9ddec5f0818c,loc-241c957c-53df-4982-9c12-34ef10f8c6f4,299775
org-668e8d67-584b-4d48-8612-9ddec5f0818c,loc-c31a6e3f-bd07-4221-85f8-0964a4c00155,295078
org-668e8d67-584b-4d48-8612-9ddec5f0818c,loc-8a07251f-2ebd-47ce-9fdb-f7796c75a7ff,293848
org-5834d77c-4c45-4f98-a110-4c0fcd977490,loc-87d82512-57d4-41f0-b941-a0ee14e65277,292841
org-5834d77c-4c45-4f98-a110-4c0fcd977490,loc-7dfc3efa-208c-4afa-a15f-9677d2ea69ef,291857
org-668e8d67-584b-4d48-8612-9ddec5f0818c,loc-85501da5-c165-49e5-8db0-fe6950ade88e,291307
org-5834d77c-4c45-4f98-a110-4c0fcd977490,loc-aa61b61d-e0ab-45df-adbf-29b40e385743,288707
org-5834d77c-4c45-4f98-a110-4c0fcd977490,loc-b98bf2f9-c3b6-43e1-b824-1c609c016cea,287749
org-5834d77c-4c45-4f98-a110-4c0fcd977490,loc-189882b8-5a32-40f0-9df1-690ac37daaf5,285581
org-668e8d67-584b-4d48-8612-9ddec5f0818c,loc-b0cf107f-ed1a-4d35-a89a-675e12cedccb,285257
org-00523c63-32e3-4348-8d6f-09ed1fc2d631,loc-b107e887-7848-4298-b709-e6d24a93ccf4,285247
org-5834d77c-4c45-4f98-a110-4c0fcd977490,loc-dd532a0b-077e-4ace-9959-8e1e35932385,283053
org-668e8d67-584b-4d48-8612-9ddec5f0818c,loc-ac4dcf8a-1492-479c-9806-263354ef2863,283012
org-668e8d67-584b-4d48-8612-9ddec5f0818c,loc-0ce001c7-d23f-4a54-8099-098ab4c609bf,282527
org-d7a82a2f-b933-4459-8a1e-91a605df80f7,loc-95225f53-746b-4ac5-823d-7fbd85e33f6c,282152
org-668e8d67-584b-4d48-8612-9ddec5f0818c,loc-673b8636-d10c-46d6-9d4e-61240f252bb7,282003
org-d7a82a2f-b933-4459-8a1e-91a605df80f7,loc-c7ce66a2-3f71-4d3c-a017-608886b7536d,279910
org-21b9c258-ad27-4aab-8663-4d480c235950,loc-3834e2ec-7284-4007-a44f-5155b8940fd5,279692
org-668e8d67-584b-4d48-8612-9ddec5f0818c,loc-a150a85e-b5e6-4232-8b14-e54e3a1fe817,278564
org-45298862-0aa5-4254-9985-73fffcc7bbf3,loc-aa577721-e7a5-4132-a6c0-a4e5393f446c,276634
org-668e8d67-584b-4d48-8612-9ddec5f0818c,loc-e4d52620-4914-4e00-ae23-4bfd246a5e22,274085
org-5834d77c-4c45-4f98-a110-4c0fcd977490,loc-96b42d82-f90b-4d8c-8bc6-a145da52ae9a,273859
org-5834d77c-4c45-4f98-a110-4c0fcd977490,loc-9603fc1b-52f6-4c8a-b379-5d01f10c97b3,271567
org-5834d77c-4c45-4f98-a110-4c0fcd977490,loc-8a80874c-0c3f-4152-8f8a-9764f31d3164,270815
org-668e8d67-584b-4d48-8612-9ddec5f0818c,loc-f6ef44d9-9e43-4cc7-b74c-83b3f9e51766,269457
org-668e8d67-584b-4d48-8612-9ddec5f0818c,loc-c3592a57-cb5e-4b7e-928b-b609617ade7a,269119
org-668e8d67-584b-4d48-8612-9ddec5f0818c,loc-84493651-8cf1-4896-9461-bbb43bd5d74f,268966
org-5834d77c-4c45-4f98-a110-4c0fcd977490,loc-4efcc249-3010-49f2-9f27-d68a059711c8,268539
org-5834d77c-4c45-4f98-a110-4c0fcd977490,loc-a189dcbe-1340-419a-a3a9-ae6b62d8199d,266908
org-5cf80db5-7a28-4dcf-846b-8cdf5f362269,loc-be3572e0-40c6-42a5-8784-6a132e8af3cb,264688
org-5834d77c-4c45-4f98-a110-4c0fcd977490,loc-c7111b14-9ba4-4a5c-838c-06a46566b87e,264614
org-668e8d67-584b-4d48-8612-9ddec5f0818c,loc-7942d69f-69ad-4dc2-8939-3a36a6b6ca9d,261034
org-14bb3e55-31ab-48f3-8a7f-b11e32c097c0,loc-2352da28-54a8-4412-80da-ce3e75cfa5ca,259916
org-5834d77c-4c45-4f98-a110-4c0fcd977490,loc-63943e0c-f473-4578-a7c8-411e89925347,258885
org-5cf80db5-7a28-4dcf-846b-8cdf5f362269,loc-8613d1be-a8ab-47ea-991f-2ab8a325bff5,258647
org-00523c63-32e3-4348-8d6f-09ed1fc2d631,loc-d98881e2-17e9-478f-8afd-3721a16b63c4,255482
org-668e8d67-584b-4d48-8612-9ddec5f0818c,loc-c266f70f-843c-471f-bd82-e36b144f177d,255333
org-668e8d67-584b-4d48-8612-9ddec5f0818c,loc-6a15e20c-d547-4d0f-8c45-42c25501f0a4,253562
org-668e8d67-584b-4d48-8612-9ddec5f0818c,loc-3b352a4a-2538-44ca-a814-107af7298545,251274
org-21b9c258-ad27-4aab-8663-4d480c235950,loc-dd2d558a-46e4-41f4-b47a-6c698ad82e82,250527
org-668e8d67-584b-4d48-8612-9ddec5f0818c,loc-85dc540e-5432-40cb-839a-8edd97e525ca,248900
org-668e8d67-584b-4d48-8612-9ddec5f0818c,loc-56bcfd89-56d1-4ca1-8d6f-8c83849f545a,246996
org-5834d77c-4c45-4f98-a110-4c0fcd977490,loc-844a1a67-6d47-413b-a157-0229a5860c5f,246984
org-d7a82a2f-b933-4459-8a1e-91a605df80f7,loc-b409f4ec-219f-4527-a7b1-3f1a426defd1,246625
org-668e8d67-584b-4d48-8612-9ddec5f0818c,loc-c8061db5-cd56-4bb4-a7e7-af03f48147d8,245748
org-668e8d67-584b-4d48-8612-9ddec5f0818c,loc-4a655b3a-6e67-435e-830d-32a9911d8324,245154
org-7bd17b79-edd7-48bf-b655-dd2fbb1650a7,loc-72b9c45b-aa0c-4217-ad33-b6bee42d625b,244564
org-00523c63-32e3-4348-8d6f-09ed1fc2d631,loc-3c295a31-868f-44bf-a616-1da394bd6a11,244524
org-5834d77c-4c45-4f98-a110-4c0fcd977490,loc-bd8de6df-0747-459a-99c5-db37078ecc2a,243791
org-668e8d67-584b-4d48-8612-9ddec5f0818c,loc-4a6fcc90-510a-4338-854a-6b9f63e5edf1,243594
org-39aae17b-826b-46fa-8db0-623c437e36bd,loc-4add362b-1368-4453-b736-79344720cbbc,243339
org-5834d77c-4c45-4f98-a110-4c0fcd977490,loc-7b03a357-b242-488f-a74f-89aab3b38bbd,243015
org-00523c63-32e3-4348-8d6f-09ed1fc2d631,loc-128b4c70-c9d5-462b-b6b9-0b2c526eb155,242179
org-5834d77c-4c45-4f98-a110-4c0fcd977490,loc-c5153012-8991-41a8-9389-521ebbda6efb,242112
org-668e8d67-584b-4d48-8612-9ddec5f0818c,loc-280b1d17-48f8-49e3-a8cd-e4ae79c38942,241415
org-d7a82a2f-b933-4459-8a1e-91a605df80f7,loc-3da748d7-b6d7-419c-9e80-23a128f9fa75,240249
org-668e8d67-584b-4d48-8612-9ddec5f0818c,loc-1127e89f-00fb-41f8-83e8-7ae7ad93b408,239187
org-d7a82a2f-b933-4459-8a1e-91a605df80f7,loc-09eebf2d-1d53-4e0a-8e66-d07c2f248fd4,238554
org-5834d77c-4c45-4f98-a110-4c0fcd977490,loc-d23e2dbe-f6a1-4bb3-9e1e-ddec960e93ce,238516
org-668e8d67-584b-4d48-8612-9ddec5f0818c,loc-9599848c-a852-4656-82e8-2d0530b9e5d7,238248
org-21b9c258-ad27-4aab-8663-4d480c235950,loc-5283f641-ca5d-4ec7-8a59-0c578885d6c3,237156
org-21b9c258-ad27-4aab-8663-4d480c235950,loc-7ca1e5db-b1bd-4455-afd1-8dfa628dcfac,233715
org-5834d77c-4c45-4f98-a110-4c0fcd977490,loc-789536c6-5e81-419e-be21-1b717871b527,230781
org-d7a82a2f-b933-4459-8a1e-91a605df80f7,loc-0cd4c971-77b0-42db-accb-46b65b7bf247,230530
org-5834d77c-4c45-4f98-a110-4c0fcd977490,loc-abc1f40a-2fd3-4899-b93c-f9aa6c8b573b,228980
org-c632bcdf-987f-42fd-87c3-effd3721e53e,loc-5555988e-459c-4cc2-94cf-28ab9d68260f,227604
org-668e8d67-584b-4d48-8612-9ddec5f0818c,loc-f2af31b5-2902-4ae6-bb39-a492607bcceb,225671
org-668e8d67-584b-4d48-8612-9ddec5f0818c,loc-515dc695-7f1b-42d8-98d1-c36fd3de9a64,225113
org-668e8d67-584b-4d48-8612-9ddec5f0818c,loc-8b230b54-6765-4b51-934c-0f302bbba65b,224143
org-668e8d67-584b-4d48-8612-9ddec5f0818c,loc-c74908d7-6994-4daf-9995-ce545252cba3,222506
org-668e8d67-584b-4d48-8612-9ddec5f0818c,loc-e0629bd0-1f92-48f8-a118-eca4344d4c40,221098
org-668e8d67-584b-4d48-8612-9ddec5f0818c,loc-d49c4ef5-658e-4361-8a61-70f257a762cf,220629
org-668e8d67-584b-4d48-8612-9ddec5f0818c,loc-ae0dd454-8d1b-4978-b395-cc54bf59012c,219059
org-668e8d67-584b-4d48-8612-9ddec5f0818c,loc-2b9ae905-05d6-440c-b915-255af26a9207,218952
org-668e8d67-584b-4d48-8612-9ddec5f0818c,loc-4a9a8517-bd91-48c8-83ff-de963a155f14,217042
org-668e8d67-584b-4d48-8612-9ddec5f0818c,loc-d804b7c1-4204-4a47-90b4-9c12de4bf544,214563
org-668e8d67-584b-4d48-8612-9ddec5f0818c,loc-f0108c56-ddf1-46fc-ae64-edba4d804a20,213983
org-5834d77c-4c45-4f98-a110-4c0fcd977490,loc-faca952b-59a3-495e-b9e8-d4d27da6b6d9,212846
org-668e8d67-584b-4d48-8612-9ddec5f0818c,loc-ea1e59cc-f456-4d40-8ae1-321a2be6edd2,211947
org-5cf80db5-7a28-4dcf-846b-8cdf5f362269,loc-7c758bb8-af74-4449-a12d-022393e8c8e4,211668
org-668e8d67-584b-4d48-8612-9ddec5f0818c,loc-df614ef0-7275-41e1-afd2-0acf014a6221,210407
org-668e8d67-584b-4d48-8612-9ddec5f0818c,loc-918f65a6-f8fd-4fc1-8cf1-04ab53e31f2d,210359
org-5cf80db5-7a28-4dcf-846b-8cdf5f362269,loc-af7e1088-95d8-4fb0-90fc-ff361db1c2b3,209718
org-668e8d67-584b-4d48-8612-9ddec5f0818c,loc-5aff9cdd-e29f-4fce-b0f9-b20279faf0c8,209594
org-668e8d67-584b-4d48-8612-9ddec5f0818c,loc-04ce95b0-685c-4210-b69e-afd7505276fe,208870
org-c632bcdf-987f-42fd-87c3-effd3721e53e,loc-76d81e89-d3f9-4b7f-b4cb-fd5be0a65c1b,208646
org-668e8d67-584b-4d48-8612-9ddec5f0818c,loc-c4f3809b-abd0-428c-8046-b2f97784ee86,208126
org-00523c63-32e3-4348-8d6f-09ed1fc2d631,loc-fade2d35-0847-43d0-9b45-f348ecc76e5c,207281
org-668e8d67-584b-4d48-8612-9ddec5f0818c,loc-26f4fe5e-3f8f-44ab-814f-20de351cde40,206874
org-668e8d67-584b-4d48-8612-9ddec5f0818c,loc-fb43bb36-6709-4e47-932a-98aa074a0e10,204869
org-668e8d67-584b-4d48-8612-9ddec5f0818c,loc-943ef544-c414-40c1-88ce-0ccaa445948b,203947
org-5cf80db5-7a28-4dcf-846b-8cdf5f362269,loc-028d0296-b795-40ea-9b1e-c76803bc8a37,202891
org-668e8d67-584b-4d48-8612-9ddec5f0818c,loc-7387e0ab-d571-41df-9b85-cccac08096ed,202295
org-7bd17b79-edd7-48bf-b655-dd2fbb1650a7,loc-25d9bc75-7bd6-4acd-8412-334d466a0074,201753
org-00523c63-32e3-4348-8d6f-09ed1fc2d631,loc-0a12bf0e-69a5-44a8-afd6-b6e9b2029fa8,200754
org-668e8d67-584b-4d48-8612-9ddec5f0818c,loc-69436cd8-8eaa-4df5-8a8d-50bcd37fc3a2,199370
org-668e8d67-584b-4d48-8612-9ddec5f0818c,loc-152e3c4f-887a-4a0b-ab81-c68856e7395b,199320
org-668e8d67-584b-4d48-8612-9ddec5f0818c,loc-70585876-0191-4c84-8fcb-f46326a6c593,198029
org-5cf80db5-7a28-4dcf-846b-8cdf5f362269,loc-c6afd927-d945-4df5-aa8f-bd1a2aa0cb1e,198018
org-668e8d67-584b-4d48-8612-9ddec5f0818c,loc-4dd0927d-affe-4f8f-88b5-7fabf74d8109,196352
org-668e8d67-584b-4d48-8612-9ddec5f0818c,loc-7fd2e219-9ec3-44ec-b7d4-5b4b539392fb,196124
org-668e8d67-584b-4d48-8612-9ddec5f0818c,loc-264be3db-2e26-4c04-9db9-28e47264ffa3,195867
org-00523c63-32e3-4348-8d6f-09ed1fc2d631,loc-67e85c0e-7c16-4ac0-898d-cea14bf39a63,195794
org-668e8d67-584b-4d48-8612-9ddec5f0818c,loc-8d0e31bf-f0e3-40d6-bd5b-372cca23e390,195133
org-00523c63-32e3-4348-8d6f-09ed1fc2d631,loc-9b0f7180-18f0-4c01-8708-27c53559ab50,192353
org-668e8d67-584b-4d48-8612-9ddec5f0818c,loc-3ecedaf5-ef6a-40a8-8292-5990d3cad254,189848
org-668e8d67-584b-4d48-8612-9ddec5f0818c,loc-7897c531-9f73-4102-95a7-0101e0052eef,187427
org-668e8d67-584b-4d48-8612-9ddec5f0818c,loc-13a9c417-fa76-4ed2-abad-84d20399726f,186591
org-668e8d67-584b-4d48-8612-9ddec5f0818c,loc-9cfc192b-d35d-4cdc-ab05-15cedd34d99f,185517
org-5834d77c-4c45-4f98-a110-4c0fcd977490,loc-96248b6a-24c6-48ac-b068-79b195de8f42,184737
org-668e8d67-584b-4d48-8612-9ddec5f0818c,loc-2c83fb55-b1f7-4af4-9515-4c1cf5fbfa44,184225
org-ccab0ac0-6515-439e-9adc-80ac4b40fed8,loc-7a2a6305-9d5a-4ca3-a531-2e7ffc4b3e52,183737
org-668e8d67-584b-4d48-8612-9ddec5f0818c,loc-4a00835a-7d22-42ee-bb86-5421c001399e,182290
org-668e8d67-584b-4d48-8612-9ddec5f0818c,loc-01449d2b-e659-4cf5-adea-7e18a2e554dc,181084
org-668e8d67-584b-4d48-8612-9ddec5f0818c,loc-d7042f05-8781-4940-9251-b84a2903552a,177315
org-668e8d67-584b-4d48-8612-9ddec5f0818c,loc-35dfa278-7a06-4cba-b6f1-085790a23fbd,176237
org-668e8d67-584b-4d48-8612-9ddec5f0818c,loc-9cc6c33b-d446-4597-b203-26fe56e0fbf7,175467
org-668e8d67-584b-4d48-8612-9ddec5f0818c,loc-1aff5c7c-207c-4873-a432-cca8224605cd,172927
org-668e8d67-584b-4d48-8612-9ddec5f0818c,loc-37d67ef9-a1d8-4699-bf3b-888e288c4336,172634
org-668e8d67-584b-4d48-8612-9ddec5f0818c,loc-7ca68049-42c0-4f49-8d6b-5723656436d6,170615
org-668e8d67-584b-4d48-8612-9ddec5f0818c,loc-906bd83f-00e3-4952-bcb0-601b885a7be3,167785
org-668e8d67-584b-4d48-8612-9ddec5f0818c,loc-8f8a9142-9a39-4159-a339-cce380352aad,167039
org-668e8d67-584b-4d48-8612-9ddec5f0818c,loc-094b0c58-745c-4e47-a5c7-775d34b3dbdd,166105
org-00523c63-32e3-4348-8d6f-09ed1fc2d631,loc-d82d665e-1e9b-4a7d-809f-5b9a6ecb7911,165974
org-668e8d67-584b-4d48-8612-9ddec5f0818c,loc-7b57c8a6-3004-4e82-9b4a-4137dca8f356,165918
org-668e8d67-584b-4d48-8612-9ddec5f0818c,loc-760dac9d-07b1-4a92-8fe9-5b2a879abb0a,165441
org-d7a82a2f-b933-4459-8a1e-91a605df80f7,loc-b4f3b0f4-8e3f-4b18-85ab-cb1e8da8dc79,164396
org-490e23ce-6f23-4d3d-8544-8728f0965cfc,loc-e64a2f15-2da8-4683-82d6-1234afdc34aa,163130
org-5834d77c-4c45-4f98-a110-4c0fcd977490,loc-7eeb7da5-0cec-4f63-b275-3f5b9a08eb3f,161755
org-d7a82a2f-b933-4459-8a1e-91a605df80f7,loc-cc20533b-6da6-4552-b6b6-02487d012619,160291
org-d7a82a2f-b933-4459-8a1e-91a605df80f7,loc-57b8ac62-9c05-46d2-b270-8cc26c5e5bbe,160261
org-c1047cb3-6f67-4800-8e27-99c54d3980bc,loc-273ffa25-f0d2-48e5-befa-47f0934f3baa,159376
org-5cf80db5-7a28-4dcf-846b-8cdf5f362269,loc-2e938ca2-8664-4bd0-8001-1c3ff51b8caf,157436
org-668e8d67-584b-4d48-8612-9ddec5f0818c,loc-229547a9-b55d-4d6f-b4af-24756f3a8072,155430
org-5cf80db5-7a28-4dcf-846b-8cdf5f362269,loc-60b87eb5-f29f-41e5-a066-9264d93f89e4,155314
org-00523c63-32e3-4348-8d6f-09ed1fc2d631,loc-cfa7c25b-86d8-4c56-b113-34a362b88eb9,154629
org-668e8d67-584b-4d48-8612-9ddec5f0818c,loc-36b06281-9fe3-478f-a089-ecfffe92c50b,153146
org-668e8d67-584b-4d48-8612-9ddec5f0818c,loc-56e2ff62-113e-4aec-8299-e69d7a4d94fd,151794
org-668e8d67-584b-4d48-8612-9ddec5f0818c,loc-2861582b-b334-4f35-979f-1d5aee04fce4,150414
org-668e8d67-584b-4d48-8612-9ddec5f0818c,loc-b0f4b85a-0ddb-4f58-8bbc-ba80ddb1972b,150367
org-5834d77c-4c45-4f98-a110-4c0fcd977490,loc-87668cea-54b5-428c-bb63-ffdd2e59ea10,149013
org-668e8d67-584b-4d48-8612-9ddec5f0818c,loc-f2e88e43-7f03-48af-9952-851b45767766,148674
org-3bef44e9-dcc5-4751-80f4-f2e16e2a7659,loc-8c1ce275-2741-4eff-81f6-85464f93d18e,147819
org-668e8d67-584b-4d48-8612-9ddec5f0818c,loc-4844b6ad-7370-45d6-abf7-2e98bca47888,145601
org-668e8d67-584b-4d48-8612-9ddec5f0818c,loc-e113131c-4fca-4083-92f6-ce2abb9a3586,144901
org-668e8d67-584b-4d48-8612-9ddec5f0818c,loc-1d45fb45-4fbd-4625-ad9a-a63d5e81ad39,144720
org-5834d77c-4c45-4f98-a110-4c0fcd977490,loc-21d43afd-7a40-4751-b3f3-fe1b362b1409,144604
org-668e8d67-584b-4d48-8612-9ddec5f0818c,loc-0563e825-c7fb-4b1f-9c50-9887eea5840a,143831
org-668e8d67-584b-4d48-8612-9ddec5f0818c,loc-56ff9377-34a4-4e31-bdff-994e740b3a1a,143488
org-668e8d67-584b-4d48-8612-9ddec5f0818c,loc-57e5ce33-0ac2-4c98-b0d5-d99536882127,143044
org-668e8d67-584b-4d48-8612-9ddec5f0818c,loc-3fa70603-a8dc-44b4-9240-a10aeddbdeaa,141812
org-7bd17b79-edd7-48bf-b655-dd2fbb1650a7,loc-81128084-8d53-461c-b01b-5bbc51aa088d,140826
org-5834d77c-4c45-4f98-a110-4c0fcd977490,loc-ecd2bfec-0ca4-469c-b89e-4defce8c45a6,133639
org-668e8d67-584b-4d48-8612-9ddec5f0818c,loc-fdbf994d-872c-416f-b973-2088e0bbafa4,133219
org-00523c63-32e3-4348-8d6f-09ed1fc2d631,loc-b922bc2d-c4e1-4921-b0c7-bffb1fc3ac6b,132124
org-5834d77c-4c45-4f98-a110-4c0fcd977490,loc-49b29a21-9347-49d4-91b6-7b7d0fed0ffd,129829
org-21b9c258-ad27-4aab-8663-4d480c235950,loc-d5cc5cc1-dcf4-454e-8b42-88d07fb78e0f,128137
org-668e8d67-584b-4d48-8612-9ddec5f0818c,loc-131b294d-f4d7-4fa4-b339-675287aafd17,127654
org-668e8d67-584b-4d48-8612-9ddec5f0818c,loc-b787a145-485e-48ad-95e3-e2a7268a07e2,127382
org-668e8d67-584b-4d48-8612-9ddec5f0818c,loc-6cecd291-80df-4c44-8f0f-713521f46001,126764
org-668e8d67-584b-4d48-8612-9ddec5f0818c,loc-891f7cf2-eb0a-4cf4-ad73-5d1a743a4713,124601
org-668e8d67-584b-4d48-8612-9ddec5f0818c,loc-d48263e9-86e7-4234-aee8-35d11b98630d,123651
org-ccab0ac0-6515-439e-9adc-80ac4b40fed8,loc-33cc2d3f-3151-49cf-8fbf-1ec2fee99327,123030
org-db3b1944-eb78-468c-9338-7285a785eb13,loc-b7013c19-1416-4709-b808-ef3a457e4f3b,121908
org-668e8d67-584b-4d48-8612-9ddec5f0818c,loc-8bdc9bbb-d5a7-4e11-9178-1b44197eeaee,121747
org-d7a82a2f-b933-4459-8a1e-91a605df80f7,loc-36be0af6-36d7-4118-b507-7a03872f5942,121641
org-00523c63-32e3-4348-8d6f-09ed1fc2d631,loc-f7a3764b-333a-4e47-971d-6f8526476dcf,121273
org-668e8d67-584b-4d48-8612-9ddec5f0818c,loc-c342a854-1986-4c19-94ed-3f6365f8b244,120281
org-5cf80db5-7a28-4dcf-846b-8cdf5f362269,loc-4841c505-7e41-400f-99e1-39030356e705,120022
org-bc69b704-54f9-4233-bcd5-16c052d58d8f,loc-786d1a3f-b88c-4574-994c-49c6fa299e93,119130
org-00523c63-32e3-4348-8d6f-09ed1fc2d631,loc-55ca06ed-d3dc-47c0-8be8-949beaf09f13,117894
org-668e8d67-584b-4d48-8612-9ddec5f0818c,loc-dd757bb6-e1ed-4ec5-a515-fe334ac755f5,117224
org-668e8d67-584b-4d48-8612-9ddec5f0818c,loc-a8421728-98d1-40e6-bb2f-f27552c2a380,117012
org-668e8d67-584b-4d48-8612-9ddec5f0818c,loc-906d4e39-87c1-4f76-95aa-d1ca409f0004,116876
org-d7a82a2f-b933-4459-8a1e-91a605df80f7,loc-d0b45d88-9d9b-4021-befd-48b0eb644452,116575
org-0afe5a2e-f2b3-4a50-a277-85425c3d88ab,loc-c6fc528e-d7b4-48ae-93ce-645ac6eb9da5,115324
org-668e8d67-584b-4d48-8612-9ddec5f0818c,loc-39412159-0704-4d55-b9b9-1ada5ebeed49,114386
org-14bb3e55-31ab-48f3-8a7f-b11e32c097c0,loc-e9f2d7f8-f31e-4dfe-b098-b2eb4dcc051a,113479
org-5754517c-2155-4384-8782-985725f44100,loc-9eea2a7d-3c31-4d02-a8be-1006d9de2f11,112466
org-3bef44e9-dcc5-4751-80f4-f2e16e2a7659,loc-160d6a38-1018-4acb-ad4d-3fd3a12abfb4,108716
org-668e8d67-584b-4d48-8612-9ddec5f0818c,loc-5e31a5b3-91b5-49e8-91ce-738105c55a8f,108710
org-668e8d67-584b-4d48-8612-9ddec5f0818c,loc-4eef5699-4eb5-490e-a84c-ef7ffc4f1541,108051
org-668e8d67-584b-4d48-8612-9ddec5f0818c,loc-d59414ff-db14-416f-96c8-81d4a55efa39,107145
org-490e23ce-6f23-4d3d-8544-8728f0965cfc,loc-23df812b-1740-429f-bc67-fbea863b99b8,106956
org-5834d77c-4c45-4f98-a110-4c0fcd977490,loc-ce2a082b-726e-4fc5-85bc-4d6aa858331e,106544
org-bbd556dc-41be-4f09-9c5a-2024e9ad716b,loc-c88a9471-abaf-402e-af3b-f5aeae142ec2,106440
org-490e23ce-6f23-4d3d-8544-8728f0965cfc,loc-9e2322e6-f9b0-4f73-80c9-140e04b6812f,105390
org-668e8d67-584b-4d48-8612-9ddec5f0818c,loc-9b550ca8-a95d-406c-bf6e-8cd903e7518d,105240
org-668e8d67-584b-4d48-8612-9ddec5f0818c,loc-9b8100f3-d977-4288-9c03-1c5d0742526b,104677
org-00523c63-32e3-4348-8d6f-09ed1fc2d631,loc-d5bb29e9-a42f-43d9-96fb-77b90cbe1a99,104318
org-668e8d67-584b-4d48-8612-9ddec5f0818c,loc-9e218a82-40e0-4a31-a2ee-214c0074959f,104151
org-3bef44e9-dcc5-4751-80f4-f2e16e2a7659,loc-0cd10667-aaf9-41b2-a088-be0ea02724c8,102407
org-668e8d67-584b-4d48-8612-9ddec5f0818c,loc-8cca0881-49dd-4858-bb72-9f8e78829746,100867
org-c1047cb3-6f67-4800-8e27-99c54d3980bc,loc-fd581d6e-24ab-47c6-9cc3-d7e2ff934f7c,99920
org-668e8d67-584b-4d48-8612-9ddec5f0818c,loc-69ba5e8b-65c6-4466-a0dd-55a7df41305b,99682
org-668e8d67-584b-4d48-8612-9ddec5f0818c,loc-d604582b-0e13-4d72-9679-a8a94e0c0aad,99037
org-5834d77c-4c45-4f98-a110-4c0fcd977490,loc-4adbe139-0651-407c-a23d-bb887c2f2cf3,98941
org-668e8d67-584b-4d48-8612-9ddec5f0818c,loc-915ebe20-3309-41e0-aae1-4cd1793d9506,98838
org-5cf80db5-7a28-4dcf-846b-8cdf5f362269,loc-c4dbc903-5223-4209-8b89-4f3fbe289bc3,98819
org-5834d77c-4c45-4f98-a110-4c0fcd977490,loc-012858c4-8bdb-4216-94f9-f4c41c0c99d7,98674
org-d7a82a2f-b933-4459-8a1e-91a605df80f7,loc-0ee1c624-0028-4b63-a42a-269056249895,98195
org-00523c63-32e3-4348-8d6f-09ed1fc2d631,loc-dd2ffdd5-953d-4e6e-bc36-844bae9c2757,92383
org-5834d77c-4c45-4f98-a110-4c0fcd977490,loc-4ee959c2-5636-4bc3-8e8a-56468400a2fe,92082
org-668e8d67-584b-4d48-8612-9ddec5f0818c,loc-816efb9d-0add-4856-ac90-c6b4c602356b,91023
org-668e8d67-584b-4d48-8612-9ddec5f0818c,loc-ce0d3632-bf0f-4e28-af96-73e31cd61e5c,88685
org-668e8d67-584b-4d48-8612-9ddec5f0818c,loc-c1af4d84-28c1-4411-907c-2e2612c56b22,88556
org-668e8d67-584b-4d48-8612-9ddec5f0818c,loc-a70e6f3d-23b5-48fe-ab45-e2416197360c,88543
org-668e8d67-584b-4d48-8612-9ddec5f0818c,loc-68542584-e088-45f4-8ab6-f5a8ad3b2391,86734
org-668e8d67-584b-4d48-8612-9ddec5f0818c,loc-07fd6003-e877-4757-9c26-176f7c23f36d,86195
org-668e8d67-584b-4d48-8612-9ddec5f0818c,loc-faced9ed-0c79-4271-91d9-b7098d3bd9c4,85974
org-668e8d67-584b-4d48-8612-9ddec5f0818c,loc-5656b721-6afc-4f8c-ace6-646cfbbd1ed5,85692
org-668e8d67-584b-4d48-8612-9ddec5f0818c,loc-b22649be-23f4-4c2d-8db6-c2feaa8aff36,83331
org-38ce5a94-18db-40ef-afbf-d5988bed091a,loc-cc3cb476-a8f0-4147-90f7-42add4dbdb8a,82193
org-668e8d67-584b-4d48-8612-9ddec5f0818c,loc-375dc9d2-0d08-4300-b444-84dd4f537bac,81735
org-490e23ce-6f23-4d3d-8544-8728f0965cfc,loc-5fc21e7b-929f-45e1-bbb9-23421e12fc73,81604
org-00523c63-32e3-4348-8d6f-09ed1fc2d631,loc-e17df7b1-b658-4832-905a-00d272498952,81588
org-668e8d67-584b-4d48-8612-9ddec5f0818c,loc-d2ae8c46-cf1f-49cd-99e3-661d2f636cf0,80416
org-2b3dfdb4-c6b5-4cb1-ae7f-46b332638844,loc-05b08272-d5b6-45ae-bd9b-8293ac2ff677,79608
org-490e23ce-6f23-4d3d-8544-8728f0965cfc,loc-247f5b1b-bacd-46f6-b416-e32a90d81acd,78502
org-3300ed5d-1c5c-44a6-8187-a05395397a21,loc-6a167148-db4d-4daa-a0bb-bceb918dec10,78318
org-00523c63-32e3-4348-8d6f-09ed1fc2d631,loc-11fd30e5-4e27-47ba-9e00-9d8ec8733ffd,78214
org-668e8d67-584b-4d48-8612-9ddec5f0818c,loc-032d776d-691b-49ff-8f37-55d21d2d25d6,78074
org-a4f5fe04-50ec-48dc-8afe-294f3f8ade4a,loc-ca0632a9-5362-426a-8534-09681bb0f042,77744
org-dn9ukvce9j,loc-f5f8j3z6y6,77490
org-668e8d67-584b-4d48-8612-9ddec5f0818c,loc-ddf75a22-a693-4102-85a3-e83f8be246f2,77247
org-668e8d67-584b-4d48-8612-9ddec5f0818c,loc-e614e8bb-3cf6-4263-a354-2ca70fd66e18,76802
org-668e8d67-584b-4d48-8612-9ddec5f0818c,loc-d2743f42-3ee4-4671-81c1-2c1122f5b533,76230
org-5834d77c-4c45-4f98-a110-4c0fcd977490,loc-bccb9e80-6faa-43d8-b568-d5c3e2eb8e95,74872
org-0281beee-a2f2-46fb-ac88-cc20df85fbfc,loc-64917afa-787c-4a1e-8c1a-3b21731e8146,74870
org-23c51f6b-038b-40fa-8587-44bc15226348,loc-881bf9df-48af-4496-a062-81dff245decf,74662
org-668e8d67-584b-4d48-8612-9ddec5f0818c,loc-370f7f1c-bdd6-4ec8-870e-a74d206a2ac1,74624
org-75ac29f0-21d8-4fa7-b7f9-b010d5df026d,loc-fcebc9ae-7aaa-4642-998d-1719218afc54,74174
org-668e8d67-584b-4d48-8612-9ddec5f0818c,loc-6bf893eb-972d-46cd-bd6d-974bacdc66e9,73855
org-668e8d67-584b-4d48-8612-9ddec5f0818c,loc-cca090d7-f0f3-4479-998a-490804f90a6a,73226
org-38ce5a94-18db-40ef-afbf-d5988bed091a,loc-350e5e30-c5ee-470f-bd84-4a1b3df6745a,72866
org-668e8d67-584b-4d48-8612-9ddec5f0818c,loc-86fe9ada-408a-444c-8e51-8460092359f0,72723
org-21b9c258-ad27-4aab-8663-4d480c235950,loc-2fb6343d-bc31-46ae-b24f-149a07307f58,72373
org-668e8d67-584b-4d48-8612-9ddec5f0818c,loc-16bd133e-9438-496f-8f9d-23d78f243342,71015
org-81961a5e-0b5a-4e74-bd1f-9dbce15fc3ee,loc-7c3cbcc5-9db9-48ef-ae33-f1ca4f0e6e0d,70841
org-ee9af658-636e-4419-8c9b-637b69c5fc0f,loc-2c263ecd-e3a5-4ccb-b643-8d2836f3a7c8,70141
org-5834d77c-4c45-4f98-a110-4c0fcd977490,loc-a7f8dea0-c582-4833-bb75-048f1fcb4cca,69977
org-21b9c258-ad27-4aab-8663-4d480c235950,loc-87136a64-d70e-4e2d-b534-d1d9a2fefcc0,69207
org-668e8d67-584b-4d48-8612-9ddec5f0818c,loc-86d623a4-5a5a-4ab4-8d51-f26745d6d0a0,68864
org-0281beee-a2f2-46fb-ac88-cc20df85fbfc,loc-502f0d8b-2a14-47d7-87e8-dd2790e05d0c,68290
org-668e8d67-584b-4d48-8612-9ddec5f0818c,loc-20c6bd52-8541-4b09-8905-fa30dc1a2632,67383
org-668e8d67-584b-4d48-8612-9ddec5f0818c,loc-7ad4b006-ffb0-49d6-b54a-392dae8d9cd6,66800
org-2021a819-ed0f-4e52-be3e-c298bf0c88c4,loc-71707132-d165-4499-8cbf-a5a87eff92a1,66378
org-38ce5a94-18db-40ef-afbf-d5988bed091a,loc-c24c21f6-5de0-4740-b66e-ff4f61cddbfd,65694
org-668e8d67-584b-4d48-8612-9ddec5f0818c,loc-1244e1d6-a791-46a7-bb44-aed354208849,65620
org-668e8d67-584b-4d48-8612-9ddec5f0818c,loc-ecfda2d5-b922-4200-9864-17db1131668e,65537
org-668e8d67-584b-4d48-8612-9ddec5f0818c,loc-5679a02c-280d-4ab0-b5d4-abf32570e924,65252
org-4eb0858e-7f92-435e-bc51-7bed67a55961,loc-a079605a-311e-489f-88ae-756ebdd7a905,65065
org-4eb0858e-7f92-435e-bc51-7bed67a55961,loc-6a09c082-1395-41ca-ba60-e201269c403c,64513
org-38ce5a94-18db-40ef-afbf-d5988bed091a,loc-d1dd0471-8db9-4df5-af20-01007c4669d8,64182
org-668e8d67-584b-4d48-8612-9ddec5f0818c,loc-c6f1e7b4-6f5e-4362-8b2d-be64cb781442,64014
org-14bb3e55-31ab-48f3-8a7f-b11e32c097c0,loc-bf2e43dd-2154-4360-9086-a115bd0d4575,63868
org-668e8d67-584b-4d48-8612-9ddec5f0818c,loc-b67fb98e-9e39-4b4f-8a23-50c0cc8b69a5,63858
org-668e8d67-584b-4d48-8612-9ddec5f0818c,loc-532f4414-c7a3-40df-86e2-7ec548731c34,63589
org-668e8d67-584b-4d48-8612-9ddec5f0818c,loc-b8fb85cf-0d1f-4287-b41c-3674f1c33cdd,63371
org-668e8d67-584b-4d48-8612-9ddec5f0818c,loc-34bf3131-4156-4dee-9288-49d4cfda0d78,63262
org-d9b572d8-78e8-4a79-9590-ac87aa6633da,loc-55bdac79-1c72-4357-84c0-6f0c7546884a,62979
org-668e8d67-584b-4d48-8612-9ddec5f0818c,loc-4b952666-d239-4c8f-852f-4387a59bffdb,62682
org-38ce5a94-18db-40ef-afbf-d5988bed091a,loc-b7d63e1c-b4ff-41be-aef3-47b9465a1353,62061
org-668e8d67-584b-4d48-8612-9ddec5f0818c,loc-4ac6c181-2296-499b-b5b0-b101ed0f4892,61668
org-668e8d67-584b-4d48-8612-9ddec5f0818c,loc-d000fd39-6c34-464b-b5ad-bdbe8cd4b7b2,61187
org-00523c63-32e3-4348-8d6f-09ed1fc2d631,loc-c252c447-6a5f-4ab6-9c02-5cc23df0c2e7,60599
org-21b9c258-ad27-4aab-8663-4d480c235950,loc-33aa6273-01d1-44f0-b11c-59b291ad03c7,60055
org-668e8d67-584b-4d48-8612-9ddec5f0818c,loc-63a74329-87e8-4fe5-a236-b68aedd44e4e,58863
org-d4efebe6-0ab3-4f44-a113-b9653a58c1d2,loc-7f289907-f532-43a6-ab2c-ef53b6b95838,55912
org-668e8d67-584b-4d48-8612-9ddec5f0818c,loc-72d507f7-20e0-4244-acf3-c8296a51993e,55714
org-668e8d67-584b-4d48-8612-9ddec5f0818c,loc-1ddaa00b-b451-40be-a06d-287f3de6b3c1,53925
org-668e8d67-584b-4d48-8612-9ddec5f0818c,loc-51dcc47f-06e6-4c31-aaf8-1fd2587d4014,53584
org-4eb0858e-7f92-435e-bc51-7bed67a55961,loc-81d96181-bb7b-4706-bd8f-09b2c54d272b,53500
org-668e8d67-584b-4d48-8612-9ddec5f0818c,loc-eab737a2-43a0-4d00-aaf8-ee235301ebd5,52296
org-668e8d67-584b-4d48-8612-9ddec5f0818c,loc-8b071083-e487-45d6-931c-98871a131ed0,51944
org-668e8d67-584b-4d48-8612-9ddec5f0818c,loc-ac79d48d-b4bd-4f6a-9a93-25e913d5def9,51688
org-4eb0858e-7f92-435e-bc51-7bed67a55961,loc-e0441697-55be-4757-ba04-0064a45dbd98,51567
org-c0b45cff-b4b8-4bf2-8d97-5aca04145b9b,loc-27595970-8fa7-4d26-932d-a4fcaafe0f96,51460
org-668e8d67-584b-4d48-8612-9ddec5f0818c,loc-49bcc2be-f811-4166-86b3-338550103f48,51183
org-00523c63-32e3-4348-8d6f-09ed1fc2d631,loc-ec62ab75-0ec7-4576-ae80-52e6f96f1c0e,51132
org-490e23ce-6f23-4d3d-8544-8728f0965cfc,loc-1802eb27-f422-4a88-9982-b7947e69cd7c,50804
org-c0b45cff-b4b8-4bf2-8d97-5aca04145b9b,loc-d1e610a3-ee22-47a8-abd3-c11e2533c1ef,49943
org-668e8d67-584b-4d48-8612-9ddec5f0818c,loc-b591f048-7bb6-43f0-bec8-a284967db852,49248
org-38ce5a94-18db-40ef-afbf-d5988bed091a,loc-d6eb118e-37ad-4516-9691-5451f7a9e677,47780
org-668e8d67-584b-4d48-8612-9ddec5f0818c,loc-eb8f3ac1-08a1-453a-9959-c50f910f5b2a,45978
org-5cf80db5-7a28-4dcf-846b-8cdf5f362269,loc-9570ff0d-3ad8-4319-bc2b-a232724e92c2,45805
org-d4efebe6-0ab3-4f44-a113-b9653a58c1d2,loc-d45f4b24-0d3a-4ed2-a2c1-836ffd78e021,44168
org-5834d77c-4c45-4f98-a110-4c0fcd977490,loc-e47c413c-e23a-4d66-91dd-3e4e6f5af247,43286
org-7bd17b79-edd7-48bf-b655-dd2fbb1650a7,loc-33e4f833-4e6d-4764-9c4a-8d1f0e8228aa,43029
org-668e8d67-584b-4d48-8612-9ddec5f0818c,loc-8f1c345e-86ee-4149-922c-7db064f5316f,42192
org-e5f5bee2-f231-4560-a810-742400d57ac1,loc-92156033-b290-405a-951d-656dc5ebaccf,41371
org-5cf80db5-7a28-4dcf-846b-8cdf5f362269,loc-51261117-c11f-434e-a6a7-7c91e9fa53a3,41303
org-cd15bff0-a4ca-4785-999e-bde08aa17a24,loc-37c81c58-a927-4777-807a-1916413ef92a,41163
org-5834d77c-4c45-4f98-a110-4c0fcd977490,loc-84ca679f-f381-4df5-ac44-c518e236eaf2,40544
org-cd15bff0-a4ca-4785-999e-bde08aa17a24,loc-2421c4dd-af2d-4f0f-98ed-eca43e46524d,40186
org-668e8d67-584b-4d48-8612-9ddec5f0818c,loc-5f789d8e-ce41-4bba-aa8b-20e29d32ab0e,40082
org-490e23ce-6f23-4d3d-8544-8728f0965cfc,loc-b2e07e29-8760-48d3-8ccc-764e480cff59,39948
org-e07af72f-850f-4266-a421-23709dd503da,loc-636327b0-9d79-4fa6-b47c-3f1075953795,39303
org-668e8d67-584b-4d48-8612-9ddec5f0818c,loc-2b37a3c7-7da5-469b-af78-936255420532,38631
org-668e8d67-584b-4d48-8612-9ddec5f0818c,loc-6b39295f-4c93-460c-b382-80e1e6e55a83,37248
org-21b9c258-ad27-4aab-8663-4d480c235950,loc-299eebf8-7217-4800-b9bf-90cf7752484a,36652
com-q9raq2mv7j,loc-5fgm3spxly,35472
org-fce5853c-91e9-4f26-bdcf-120c6812bba3,loc-41ee144f-22ab-42e4-993b-ea900e35b6ed,35072
org-0281beee-a2f2-46fb-ac88-cc20df85fbfc,loc-410171fa-aed9-45a0-9d4e-818191ed0c24,34834
org-668e8d67-584b-4d48-8612-9ddec5f0818c,loc-df39d377-1645-4cfa-857a-6ac551a5731f,34694
org-ccab0ac0-6515-439e-9adc-80ac4b40fed8,loc-17bf8c5a-fc0a-45f6-9c90-dab6c7e1c86b,34473
org-3300ed5d-1c5c-44a6-8187-a05395397a21,loc-32a543d7-b168-4263-b06e-a71ae9ef505a,34403
org-3300ed5d-1c5c-44a6-8187-a05395397a21,loc-0f2c12d5-7714-41cf-9aee-f5a32b924b40,33999
org-668e8d67-584b-4d48-8612-9ddec5f0818c,loc-2c43ee8f-f110-4e05-a963-38f630376ebf,33941
org-00523c63-32e3-4348-8d6f-09ed1fc2d631,loc-bd385e21-33da-46a9-8f11-a613cb85a2ef,32868
org-5cf80db5-7a28-4dcf-846b-8cdf5f362269,loc-c331bd00-792f-440a-9250-15a3ec8bd2f0,32660
org-7bd17b79-edd7-48bf-b655-dd2fbb1650a7,loc-e5590317-6948-4407-9b07-4815617f2072,32510
org-cdd50fb4-2288-4767-950e-9888472054d2,loc-1ed3b4ff-2628-4487-a209-5cffff6f7656,31884
org-668e8d67-584b-4d48-8612-9ddec5f0818c,loc-35126b70-492b-4cf5-84c4-f18564e3fa7a,31392
org-668e8d67-584b-4d48-8612-9ddec5f0818c,loc-abb7e7af-9f93-4fff-b972-19d6aa6e48eb,31300
org-a4f5fe04-50ec-48dc-8afe-294f3f8ade4a,loc-bf92520f-bd20-4316-8f12-d1d4406b201d,30152
org-668e8d67-584b-4d48-8612-9ddec5f0818c,loc-e4588a29-4b88-46a1-ab7e-9c6fd81b1b02,29867
com-q9raq2mv7j,loc-xner3i4ps7,29636
org-668e8d67-584b-4d48-8612-9ddec5f0818c,loc-b7989276-66aa-4b02-9ad7-0adb9ea8a525,29590
org-668e8d67-584b-4d48-8612-9ddec5f0818c,loc-41b6603f-d382-40ae-97af-2089c101187d,29465
org-cd15bff0-a4ca-4785-999e-bde08aa17a24,loc-98cf5ea3-2152-4266-9e86-7c45ee13061c,29128
org-45298862-0aa5-4254-9985-73fffcc7bbf3,loc-bba52e63-ede9-4fe5-9a1a-bc7bab16030a,28586
org-5cf80db5-7a28-4dcf-846b-8cdf5f362269,loc-6ef831d3-faca-4947-a99b-4656ac41c25b,28565
org-5834d77c-4c45-4f98-a110-4c0fcd977490,loc-0cc0dfbb-87f9-495a-86ba-bfa00e779016,27898
org-14bb3e55-31ab-48f3-8a7f-b11e32c097c0,loc-5c5c2757-76e4-4153-8108-79d8bdc08e6f,27890
org-490e23ce-6f23-4d3d-8544-8728f0965cfc,loc-d324605e-cf48-4133-aa10-c1f3aa9ad7cb,27806
org-668e8d67-584b-4d48-8612-9ddec5f0818c,loc-a1d72f2c-db06-4887-96a7-be5f4b3dc4c6,27271
org-ccab0ac0-6515-439e-9adc-80ac4b40fed8,loc-5ee2a533-212d-4046-afe3-5d84f1541429,27244
com-8umc347sbf,loc-0ba5c259-9604-42fa-8c01-3ddf660f1320,26842
org-ee9af658-636e-4419-8c9b-637b69c5fc0f,loc-5b1e0cd9-39a1-4672-9425-40c2783845fd,26809
org-7bd17b79-edd7-48bf-b655-dd2fbb1650a7,loc-b9b48e5c-b8df-42d0-824e-2e182e54591b,26808
org-db3b1944-eb78-468c-9338-7285a785eb13,loc-a785c5b7-d9eb-45cd-9586-77f4182cf8c2,26798
org-00523c63-32e3-4348-8d6f-09ed1fc2d631,loc-bb777af6-6b69-4ca8-ba2c-0fa91627bbac,25790
org-38ce5a94-18db-40ef-afbf-d5988bed091a,loc-7ad9878a-f187-460d-92f4-bebfc1fcebfc,25211
org-e824a10d-ee5a-494b-a034-810ac3d2ddc6,loc-0864ac6e-5495-4c0e-bb91-7b759f129e2f,24381
org-668e8d67-584b-4d48-8612-9ddec5f0818c,loc-3c573e4a-9e6f-47df-98f0-29b0143d457e,23989
org-668e8d67-584b-4d48-8612-9ddec5f0818c,loc-dc794c58-cbb6-4d84-9e63-814c09858dcf,23480
org-668e8d67-584b-4d48-8612-9ddec5f0818c,loc-264ae161-3216-4120-93f8-f136a47f17ae,23336
org-06718c59-d0f4-497c-9d04-169b947a26cc,loc-f9c86ea2-f77b-4789-9998-f4a6597d7637,23079
org-668e8d67-584b-4d48-8612-9ddec5f0818c,loc-910ee87b-ef39-491e-b3d1-73ab41a72a8e,22481
org-668e8d67-584b-4d48-8612-9ddec5f0818c,loc-275a84d0-3171-47c6-ab2f-9d930f7e6247,22341
org-4eb0858e-7f92-435e-bc51-7bed67a55961,loc-7f5424a9-daa5-4550-bc5b-cf439c04c329,22330
org-ccab0ac0-6515-439e-9adc-80ac4b40fed8,loc-e29aa2f1-e5c8-4fb4-aaad-0bbe5349f21d,22232
org-668e8d67-584b-4d48-8612-9ddec5f0818c,loc-f024dbfa-9fa9-4f1a-9d9f-8fe8fe08e34e,21769
com-q9raq2mv7j,loc-orr1bdtolf,21641
org-b167596f-4d4b-426e-ae47-7ade87623ce2,loc-967ee122-c178-43d9-aeef-d2aa65e736fc,21366
org-668e8d67-584b-4d48-8612-9ddec5f0818c,loc-af483520-e19b-4ad1-81c2-a387f8dbac0d,21312
org-3300ed5d-1c5c-44a6-8187-a05395397a21,loc-8cf9cf2a-ca39-46a5-8914-d687f37404b7,21146
org-0c3bef6d-b1dc-4745-9fa6-cd1c1a576a82,loc-1bbe74df-2889-411e-bade-65c8a963832e,21101
org-c0b45cff-b4b8-4bf2-8d97-5aca04145b9b,loc-ff5526e5-c6a0-4d21-a8f9-eb054ea70585,21037
org-668e8d67-584b-4d48-8612-9ddec5f0818c,loc-6a79ed0b-9422-439d-b895-d1167fc3b8f4,21018
org-42a2fc0d-1696-4fd9-8c9e-dc5504f903c2,loc-60fa5db5-32c4-401f-ade4-54e1a0096f02,20498
org-c0b45cff-b4b8-4bf2-8d97-5aca04145b9b,loc-609280c5-2f81-49b4-b27d-18f526f8ce4f,20422
org-75ac29f0-21d8-4fa7-b7f9-b010d5df026d,loc-7dec938b-f2d4-4cab-b9e4-1700cc4a98e9,20376
org-d4efebe6-0ab3-4f44-a113-b9653a58c1d2,loc-f115b748-46ce-4516-9919-1af0445da4c6,20228
org-0281beee-a2f2-46fb-ac88-cc20df85fbfc,loc-ec0889f9-61fa-4b4a-8f8e-4b2ddf0995b8,19783
org-668e8d67-584b-4d48-8612-9ddec5f0818c,loc-10668044-4053-4d0e-9fbb-ac3dc986a98e,19744
org-4eb0858e-7f92-435e-bc51-7bed67a55961,loc-81de0fdc-5c6d-46bf-a550-4715b18ead9a,19344
org-668e8d67-584b-4d48-8612-9ddec5f0818c,loc-e4e5b809-6dae-4f7a-a914-c411cb5529b6,18569
org-668e8d67-584b-4d48-8612-9ddec5f0818c,loc-189597c2-9cd4-46e0-84b0-5f521e455de9,18509
org-f45f1d01-3e76-4d15-b943-89292dc84eaf,loc-1f35d99d-c676-4b37-8e3b-23a2f8028906,16449
org-95081a48-141d-41cb-b821-4eda70379621,loc-e3fd3bc5-cc95-4c80-a433-de01b53fe999,15607
org-668e8d67-584b-4d48-8612-9ddec5f0818c,loc-6ee50a85-5815-47b9-a5d5-2d753f36387f,14401
org-668e8d67-584b-4d48-8612-9ddec5f0818c,loc-c4c50e4f-a6bc-43f0-a14f-dd137df0c53d,14140
org-668e8d67-584b-4d48-8612-9ddec5f0818c,loc-f56d8f96-cdb3-45b2-963d-b6cb4bba1dd3,14126
org-e07af72f-850f-4266-a421-23709dd503da,loc-cac13766-f2c9-4024-a05c-db8055972286,13497
org-668e8d67-584b-4d48-8612-9ddec5f0818c,loc-c1cce004-390a-4f1a-8989-f139a70cf8d2,12859
org-6f2f1636-254f-4c02-a7da-bc9b1a95c738,loc-045b5268-c7e8-45c9-b00f-f605a588c56a,12693
org-21b9c258-ad27-4aab-8663-4d480c235950,loc-96f56d2c-1390-48a4-ac02-b46911c57984,12637
org-80aa3533-c30f-4d4f-8d65-3a00857fb8c6,loc-6d547b2e-988c-4f8c-a208-f86973b9b034,12367
org-d7a82a2f-b933-4459-8a1e-91a605df80f7,loc-64459b3f-7b52-4dc4-af5d-fc8f14d9d3bb,12184
org-5cf80db5-7a28-4dcf-846b-8cdf5f362269,loc-1f10bf4c-5e24-49c4-9873-159cdabf4086,12106
org-06f2ea93-bc07-4f0b-9d46-3cf13d0c5f54,loc-cba8bde9-0102-45ff-8832-e20e8aad57bf,11892
org-38ce5a94-18db-40ef-afbf-d5988bed091a,loc-29b650da-1cdc-49a3-b5d2-dd387cbce65b,11467
org-668e8d67-584b-4d48-8612-9ddec5f0818c,loc-318502af-b3bb-457d-90b8-faa06bb1d0ae,11355
org-056369e9-e33f-4fe6-832f-6bc1e4105370,loc-e5a387a9-ae1b-4b0e-a553-46bdd0c98d8a,11278
org-bb489c9b-ceae-40db-8ff0-36f8189239fb,loc-005dc53a-2255-4be4-9644-e7421d3c9f60,11225
org-ff0a2581-0549-400a-9522-3ba9dfa8d99e,loc-ad947525-0a97-4383-afa4-2714cf11c369,11208
org-c0b45cff-b4b8-4bf2-8d97-5aca04145b9b,loc-74b69b67-7e1e-43b1-833a-34ccc5607601,10677
org-7a87d43c-fd27-47dd-93e0-566a302da86b,loc-5003dce0-5410-4190-8978-dd03ac195f02,10493
org-38ce5a94-18db-40ef-afbf-d5988bed091a,loc-6a5094de-561c-4379-8670-22f415d15414,10334
org-c0b45cff-b4b8-4bf2-8d97-5aca04145b9b,loc-ebb6bded-b9df-475d-80ec-5dad52540484,10226
org-e07af72f-850f-4266-a421-23709dd503da,loc-14c5cb04-996c-4a4a-9187-255f2c276257,9914
org-a4f5fe04-50ec-48dc-8afe-294f3f8ade4a,loc-581751e1-7b95-4a98-bdfa-6ef02735e1f1,9896
org-e07af72f-850f-4266-a421-23709dd503da,loc-510ac30f-a0b7-4e1b-9cc9-a04425f0720d,9796
org-deb56aa5-9a48-4d22-be8d-e740884ff6ce,loc-19b8b52c-d9a3-49ad-92be-f4d88efb4d54,9416
org-ab5e9805-fdc3-4f36-a231-90d1659ae447,loc-ef21e0bf-a82c-4b98-8ac4-d612e86f843e,9241
org-21b9c258-ad27-4aab-8663-4d480c235950,loc-52cc97d4-0e8b-4ff5-8735-c5c6d7ea6ca3,8882
org-8c7eb7e3-5278-4898-b362-6efbf82c756e,loc-44d1f625-2f79-4d55-9451-7c122a461854,8588
org-00523c63-32e3-4348-8d6f-09ed1fc2d631,loc-e4bf6ff7-3105-40c2-b9ee-b22bc0167418,8491
org-ab5e9805-fdc3-4f36-a231-90d1659ae447,loc-4278430b-8025-4753-b5cc-c3828f23ba99,8387
org-678b35be-89ef-4ed4-a108-99f68838b943,loc-3ade33cd-f186-4d3b-9edb-3d03449b3e9b,8321
org-2e18c3a6-5a09-4500-85b9-fd63ea3c7172,loc-c7406fc8-37e9-4010-8993-c878eceaa861,8043
org-28e544a5-776e-4870-ac64-d10d069142a8,loc-ab661872-9930-43a4-a4e9-b0f726779363,7917
org-7bd17b79-edd7-48bf-b655-dd2fbb1650a7,loc-44ea7725-5e80-48e1-b889-b0f3d710c463,7892
org-c0b45cff-b4b8-4bf2-8d97-5aca04145b9b,loc-474f8586-e8ed-45c7-b26a-a8991817f5cd,7799
org-c0b45cff-b4b8-4bf2-8d97-5aca04145b9b,loc-6611a260-f18e-440e-bda1-5f874d694095,7712
org-7b76f4b4-7732-43b7-8c89-0a6c949ba1c2,loc-f30af4c3-0df4-4b6b-ad08-c35ab25b1fa4,7655
org-c69b01ce-4313-4fd1-9a96-101c60ec087c,loc-65c28baf-bf54-41e4-9421-7707eef56f5b,7635
org-12915e1c-208e-4e66-9da5-e1f21aa3d0fe,loc-3f2b3cd9-6fd0-45fc-b0af-dc95fae3b6e2,7523
org-c0b45cff-b4b8-4bf2-8d97-5aca04145b9b,loc-220cb144-28f8-4d15-8a86-a42cbb24f7ca,7303
org-5cf80db5-7a28-4dcf-846b-8cdf5f362269,loc-bf255018-d7ba-41f1-9430-33bfd186bebc,7123
org-01f3c609-7e51-4d35-8d13-d00634a67c42,loc-7ed6db4f-9f16-4748-8ace-0fb37cfaffc4,7086
org-668e8d67-584b-4d48-8612-9ddec5f0818c,loc-a7790eb0-4ac3-4611-bda2-f22b5f71ace3,6636
org-38ce5a94-18db-40ef-afbf-d5988bed091a,loc-441ee812-cfd1-4f02-9ab3-ec42145d6f2e,6414
org-687543d8-de97-4238-8dad-8445157ea73a,loc-c9ac0535-bdc7-4f48-b3b8-3a3468d6c5a7,6367
org-0281beee-a2f2-46fb-ac88-cc20df85fbfc,loc-64daba34-84aa-429e-9b11-db9e8ac04dc3,6297
org-d4efebe6-0ab3-4f44-a113-b9653a58c1d2,loc-6ca27cb7-70af-4f72-9647-46215449bb7e,6296
org-96ed1e1e-a4de-4de0-9b82-4be94e203960,loc-582c9767-814b-4931-b82e-7ca548286ca6,6137
org-0c560cc7-c54c-4bb5-84cf-35c57d3755f3,loc-01bb140e-a6b6-49d2-9e89-972809bd954c,6002
org-38ce5a94-18db-40ef-afbf-d5988bed091a,loc-f47f8ed2-3e75-4bfc-8ed9-aea224270733,5836
org-38ce5a94-18db-40ef-afbf-d5988bed091a,loc-c9371528-7d1c-48a1-9d53-2993e6a2ca94,5811
org-b83949a2-5552-4629-8af2-d3413b6f56c3,loc-0818d313-95ae-4ab1-8864-5b61c73e1abc,5783
org-b46729a6-a586-48c6-9ad0-92f669762966,loc-385a828f-c036-4fea-bfae-2a4a7d7a39f9,5594
org-5754517c-2155-4384-8782-985725f44100,loc-405e624e-dd80-4f2b-80ee-35d7672e7c49,5502
org-72d73803-0843-4e4b-9dbc-be7ae776e03a,loc-0042ecb4-aab8-4245-9da9-9b7ae41f2e8a,5424
org-2e18c3a6-5a09-4500-85b9-fd63ea3c7172,loc-f36c8e17-462c-497d-8bd8-8b154e4ee163,5405
org-8c7eb7e3-5278-4898-b362-6efbf82c756e,loc-ca690711-63cc-4bf2-b254-1762400548fc,5270
org-db3b1944-eb78-468c-9338-7285a785eb13,loc-1dd407a6-da1f-4356-ada6-6d80b576a2ea,5261
org-c423a6da-65d4-4372-81f8-d80fecf3e71f,loc-32858cfb-d67e-47aa-9063-5a707ea296a3,5197
org-28e544a5-776e-4870-ac64-d10d069142a8,loc-70d455a9-055f-4791-b914-8beca208828a,4956
org-0281beee-a2f2-46fb-ac88-cc20df85fbfc,loc-3c43566f-87d2-406e-be0f-e6e967d89b97,4909
org-71bf3ee7-4dc4-46ae-8e79-70240c1246a5,loc-e452cec6-59ef-4d7e-83d1-f12f360eab55,4719
org-5754517c-2155-4384-8782-985725f44100,loc-d011a08f-d34a-4128-aa24-13810aa8b7f7,4669
org-c0b45cff-b4b8-4bf2-8d97-5aca04145b9b,loc-1c02eb14-1aae-4898-96be-ea76522ca55c,4657
org-5cf80db5-7a28-4dcf-846b-8cdf5f362269,loc-c5d835ff-f3bc-459f-8814-e3dc307d3651,4565
org-c0b45cff-b4b8-4bf2-8d97-5aca04145b9b,loc-43383b61-bf0f-4c6f-aef0-5900bd012d06,4373
org-ec036282-b0cb-48b7-b085-07778d8a9490,loc-c076b112-69d3-4ea5-9e04-e8288174337c,4273
org-aeb28116-ef76-488e-aa3a-07a1f5f6d730,loc-79a4eb86-9ac9-4a31-9dd4-39d172c372aa,3980
org-21b9c258-ad27-4aab-8663-4d480c235950,loc-86e58b1d-f535-47b2-9f7f-14d8c8d0591a,3965
org-d7a82a2f-b933-4459-8a1e-91a605df80f7,loc-d8ce36f8-7437-4a55-a6ac-8bb7daed03ea,3882
org-6844ae40-c720-4b76-b928-b598fdabdf94,loc-fcd4cd84-111a-40c1-9443-9098c8ac3dc7,3752
org-deb56aa5-9a48-4d22-be8d-e740884ff6ce,loc-223bb0d7-3b60-4405-95a2-4d140b05c1ee,3655
org-ab5e9805-fdc3-4f36-a231-90d1659ae447,loc-2a65a81e-02f5-4260-ab1e-81271b0bc4d4,3604
org-85f0bf1b-7685-43da-bfc2-730888ca6564,loc-a4f93305-865f-4977-939f-b7108d4d5d18,3530
org-4eb0858e-7f92-435e-bc51-7bed67a55961,loc-cf059f28-aaaf-49b5-a6fa-0857fc4feae5,3490
org-a326e09a-7e24-45e7-be41-1d446439867f,loc-db51d790-436b-43a3-a1bd-7ab51fd09ba0,3401
org-38ce5a94-18db-40ef-afbf-d5988bed091a,loc-82f1a036-397b-4667-8d91-646f70db9fe4,3136
org-c0b45cff-b4b8-4bf2-8d97-5aca04145b9b,loc-b936a767-290a-4789-928c-0d0bedfa1d68,3132
org-d9b572d8-78e8-4a79-9590-ac87aa6633da,loc-ba898a4b-3b65-4471-b12f-22cd1915eb98,2946
org-3f114600-d00c-435d-8b54-7492b7f7594c,loc-c6370aa7-2dba-42dc-bd40-85cbbe166f98,2888
org-668e8d67-584b-4d48-8612-9ddec5f0818c,loc-61c9cc3d-6b74-42dc-8005-d229c824a98e,2880
org-7dae0fef-a910-43db-a8ac-63e9029e1a9e,loc-afe74faf-0467-44d6-b2a4-edec26cbe3d3,2768
org-687543d8-de97-4238-8dad-8445157ea73a,loc-feda56d2-09d0-477e-9340-71fc20ebb7a7,2665
org-2794056e-e4e8-4684-a049-2375b720f22d,loc-d36e5a9e-0930-43e2-8424-ba7ed4743584,2655
org-e07af72f-850f-4266-a421-23709dd503da,loc-4a44d9db-2f7f-4938-95a9-cb4c2c85a30b,2588
org-668e8d67-584b-4d48-8612-9ddec5f0818c,loc-ce6e37ea-4410-4225-8c16-113211006a3f,2556
org-687543d8-de97-4238-8dad-8445157ea73a,loc-8f5e17b9-63b2-45b1-aa00-fbc7c6cbd4b8,2526
org-9209d7be-90a1-4144-bcaa-74034f9fb735,loc-29bf3b41-b353-42fb-bb4a-dc8657763455,2498
org-d4efebe6-0ab3-4f44-a113-b9653a58c1d2,loc-2bd29e8d-b962-472e-9e01-1ff06b6f9172,2443
org-38ce5a94-18db-40ef-afbf-d5988bed091a,loc-b0e0b6c5-1144-4eb0-8956-42c9ff4f3db6,2425
org-8b87e315-9a86-4837-957a-ba77d8bca9fd,loc-5e671c81-b2de-4398-9821-0ffd70407b2c,2416
org-d7a82a2f-b933-4459-8a1e-91a605df80f7,loc-fe01cd5d-cea8-4543-8e5b-b98dfb0a18ce,2410
org-00523c63-32e3-4348-8d6f-09ed1fc2d631,loc-4a534c30-5c93-4a2d-966d-3285f48454be,2369
org-ccab0ac0-6515-439e-9adc-80ac4b40fed8,loc-44689201-3c82-4449-86a4-38425f1c1aca,2350
org-9209d7be-90a1-4144-bcaa-74034f9fb735,loc-50f82531-acd9-40bb-87d1-1e211d59ed0b,2219
org-c0b45cff-b4b8-4bf2-8d97-5aca04145b9b,loc-ffd3b691-3b68-464b-b2c7-db690abc3928,2189
org-c0b45cff-b4b8-4bf2-8d97-5aca04145b9b,loc-5e3586ee-e4ca-4cc6-b053-c1e069352e58,2047
org-7a02ae5b-24ac-4571-8363-07bede9a32ae,loc-10a0e9f7-d6ba-4f18-bde5-813c232037f2,1924
org-c11f4a3f-e61e-4696-937a-81a2fa572561,loc-338d2168-a402-42e0-bce0-91b9c7e531f0,1920
org-5834d77c-4c45-4f98-a110-4c0fcd977490,loc-8d0cc4c3-979e-4896-b212-c92b628133d5,1875
org-a975e600-207e-43d6-9758-94d0125442d8,loc-71aeee91-edc0-47d9-93f2-edf1630fd004,1819
org-ec036282-b0cb-48b7-b085-07778d8a9490,loc-688b588e-1970-4140-988f-1daf8fd3f37e,1784
org-2e18c3a6-5a09-4500-85b9-fd63ea3c7172,loc-a4677d45-51ee-47c7-9aaf-871435e01480,1745
org-7dbb21f1-a54e-40ff-b9e2-ca1a2e87fe23,loc-a5f2b991-8f16-472d-8a09-97a940e31e68,1723
org-14bb3e55-31ab-48f3-8a7f-b11e32c097c0,loc-1858d0b2-9761-48b0-980f-5f366ad1dfe3,1669
com-aqucw8u0y8,loc-8bbd5999-c84f-4018-bd33-4793f7abb73f,1577
org-642556df-6d2c-42cc-81cc-83c1e490a458,loc-7e11383c-03a8-40bb-866e-ec596d780773,1535
org-7bd17b79-edd7-48bf-b655-dd2fbb1650a7,loc-8d084ad1-7a78-44c5-b0e9-bcd44fe87561,1516
org-5cf80db5-7a28-4dcf-846b-8cdf5f362269,loc-6c5ebd5c-ab8e-4d64-a798-02b156c2ccce,1497
org-b46729a6-a586-48c6-9ad0-92f669762966,loc-8a13d83c-b924-4d70-9543-63a3aa45b928,1489
org-5e402379-adf4-4769-8095-d34c12766a4a,loc-122c9b04-0394-4632-acaa-e1fa1fe4c505,1447
org-2860c9bb-1a6d-482c-aa7a-d3fce2556b66,loc-0b634b16-2bd4-443e-88b8-98dcfc5e1eaa,1437
org-1ab84540-3b77-476b-baa7-da56715f7c8c,loc-c682db82-4bc6-4e9c-bace-0cb8fe9f732f,1403
org-28e544a5-776e-4870-ac64-d10d069142a8,loc-70f50988-a599-4525-bb72-a39c34fa17d4,1369
org-bb86f050-c46e-4eec-9ff2-f53c3fadba58,loc-a2f88b39-d45e-46ae-9794-60a64a943d88,1335
org-a4c2cad8-133f-4069-9db3-2b42fb21d48e,loc-b5ae5758-c92e-4a98-b49b-b3fb0adc4dae,1327
org-64121de0-4c03-4e3d-a4d3-407368a5b61e,loc-046e03f5-0e05-427c-aa35-ed48cff332f5,1327
org-ab5e9805-fdc3-4f36-a231-90d1659ae447,loc-6f65999a-4b5f-48e2-a4a7-15bc40a7e74a,1320
org-6f2f1636-254f-4c02-a7da-bc9b1a95c738,loc-2ef772ad-1767-40bc-b831-cc65b064cc55,1311
org-fea78120-bf18-4b3a-a320-aecc7a2892f3,loc-956c5dd6-e297-42f1-96f8-1618836d5327,1257
org-7552bfa8-4d06-49a7-9d51-db3b547776d5,loc-db56cb34-28d3-4b80-bba1-b2370a70a534,1254
org-8b02b14a-4a7b-4e16-9bd1-1214f3efad09,loc-a133266c-e2b5-4021-8a20-ddc8981b9f28,1236
org-38ce5a94-18db-40ef-afbf-d5988bed091a,loc-197408cc-69f5-4c00-adf8-b9f6dd7fc77b,1235
org-7bd17b79-edd7-48bf-b655-dd2fbb1650a7,loc-4dcbb5ab-2eb3-474c-9ca9-1c4cca2717cf,1181
org-1bef5837-8eab-4598-ba3a-76a672a1f020,loc-83e04639-41f8-4165-af63-f3adc6a2da11,1169
org-bc69b704-54f9-4233-bcd5-16c052d58d8f,loc-ee9ac4fe-4cfa-4839-ae9b-b19d67934097,1144
org-c0b45cff-b4b8-4bf2-8d97-5aca04145b9b,loc-8104a1bb-d800-40cb-b26b-c01b53685363,1138
org-5cf80db5-7a28-4dcf-846b-8cdf5f362269,loc-38917894-f994-48cf-9d62-453760a97334,1131
org-668e8d67-584b-4d48-8612-9ddec5f0818c,loc-716c6b64-d697-42ff-9a6e-c5fcd099e16a,1084
org-45298862-0aa5-4254-9985-73fffcc7bbf3,loc-f70c2c8c-0e2d-48f2-b7fb-a4c9c8239ac1,1083
org-7b76f4b4-7732-43b7-8c89-0a6c949ba1c2,loc-810637ee-2c14-4d56-b2fe-932068533cd0,1081
org-01f3c609-7e51-4d35-8d13-d00634a67c42,loc-2733bbc3-0f42-4d98-a8d7-718ecbae89d5,1067
org-fce5853c-91e9-4f26-bdcf-120c6812bba3,loc-936ef936-9bef-49f0-ac63-04d162d162b5,1062
org-d5158cfe-eafe-4ebc-934a-e36c199337d5,loc-ce0958c2-ef8e-4a2c-8bea-8e35fd240dcd,999
org-c0b45cff-b4b8-4bf2-8d97-5aca04145b9b,loc-8ece54bc-db3e-42d1-befc-61a43ab27090,997
org-5cf80db5-7a28-4dcf-846b-8cdf5f362269,loc-62095d99-1328-4943-ab39-42d31ee5c6ce,967
org-7dbb21f1-a54e-40ff-b9e2-ca1a2e87fe23,loc-2be56999-5f14-4ceb-9648-a0d97fae7dfb,950
org-5cf80db5-7a28-4dcf-846b-8cdf5f362269,loc-d3f6a0f0-1486-4ff5-8ebf-55a67a971516,944
org-d0355cb5-5907-4f98-938a-1559cc3bb990,loc-4f88640a-984e-4ff5-9fdd-4deede1f518b,903
org-668e8d67-584b-4d48-8612-9ddec5f0818c,loc-655e3be8-3f35-4415-9971-25f8ebb6bce1,894
org-5cf80db5-7a28-4dcf-846b-8cdf5f362269,loc-e67a98fa-5a72-4c86-929d-9d9682471279,891
org-3ee913fc-8f7e-449b-9f41-1d167e71bd51,loc-521b4230-f782-4755-b23d-2077a7b57de1,837
org-c0b45cff-b4b8-4bf2-8d97-5aca04145b9b,loc-63ec38e6-fc7b-4243-9bf9-413858e015cb,828
org-5cf80db5-7a28-4dcf-846b-8cdf5f362269,loc-a282ea74-5e06-4a2d-8d04-001503d6532d,819
org-5cf80db5-7a28-4dcf-846b-8cdf5f362269,loc-874723a1-9aa4-4aba-97bb-5c5980d90292,815
org-5cf80db5-7a28-4dcf-846b-8cdf5f362269,loc-939c78ea-2e31-4d1c-9bc2-3f310be47625,771
org-2a943fc7-b8f7-437f-8d68-b9e0686c4536,loc-5684173c-9147-4c97-aaba-e17ffb20ca79,742
org-72eadd77-9220-4e49-89ac-e237aec382c3,loc-a2584143-27a8-4465-813c-99b432d51184,739
org-668e8d67-584b-4d48-8612-9ddec5f0818c,loc-877d0fb2-2bc9-4faa-8108-18025d2f12b6,716
org-5834d77c-4c45-4f98-a110-4c0fcd977490,loc-57c5cfe2-5ff4-4616-8d06-4fac6d9ecdc7,707
org-b9ae9059-7406-4995-ba04-b2dcc28d1ef0,loc-bc073bb4-866a-4d07-80c1-3a4d510b368d,704
org-d7b0699e-c988-4a3a-aac2-66c0daa2dc9b,loc-a66c39bb-c7c2-495e-900e-8d3bd87ac584,683
org-c0b45cff-b4b8-4bf2-8d97-5aca04145b9b,loc-03d7fee3-5029-4c74-bc0a-e2b33e9f0a99,683
org-6f2f1636-254f-4c02-a7da-bc9b1a95c738,loc-6582776c-181f-41c7-b12c-a66e5c0064bc,675
org-5cf80db5-7a28-4dcf-846b-8cdf5f362269,loc-29da9a55-054b-4c7f-a954-2bfa34ab9e79,667
org-4585bb5a-550f-4776-8293-32326ec86a77,loc-899cfd66-88fa-4b5f-a9f2-ac7c27fcce99,646
org-ec036282-b0cb-48b7-b085-07778d8a9490,loc-01eae93d-556c-4d3e-ab63-c8ee27b12f99,612
org-81961a5e-0b5a-4e74-bd1f-9dbce15fc3ee,loc-f5a0738a-52de-4162-8c89-ad1774a5d59e,603
org-f767fa96-faf2-45cd-a7fa-b425c2c7ff88,loc-329ca1e2-4d57-4e95-94b0-297391e53c1f,597
org-01f3c609-7e51-4d35-8d13-d00634a67c42,loc-7d85cf79-4865-4bc4-9c42-ba5260c16853,595
org-2e18c3a6-5a09-4500-85b9-fd63ea3c7172,loc-4882f0da-fd6f-4446-b0bd-d18e09c0ba2d,585
org-5cf80db5-7a28-4dcf-846b-8cdf5f362269,loc-c64bf046-39dd-403d-b840-a8ee5523b80f,584
org-d0355cb5-5907-4f98-938a-1559cc3bb990,loc-fd6768db-a5e9-4574-8c86-a7117319c58d,573
org-14bb3e55-31ab-48f3-8a7f-b11e32c097c0,loc-cd90f3da-6b26-4218-852b-5ca87d5e3ead,560
org-c0b45cff-b4b8-4bf2-8d97-5aca04145b9b,loc-95263cdf-7379-43d1-9cf4-0c93c3125927,559
org-c020454d-dfd5-470a-88a6-007c496507d9,loc-ded62d51-3118-4583-9eee-79d518cc717a,553
org-668e8d67-584b-4d48-8612-9ddec5f0818c,loc-37de4641-0dfd-47dc-a46e-4f2b0cc784ae,553
org-c0b45cff-b4b8-4bf2-8d97-5aca04145b9b,loc-2d5a50d4-392a-4774-a41c-8cc74f22d371,535
org-668e8d67-584b-4d48-8612-9ddec5f0818c,loc-938d67f0-a294-4506-bbfa-337b7df4a053,523
org-7b76f4b4-7732-43b7-8c89-0a6c949ba1c2,loc-a8001c98-ee9d-4235-95d4-aa50d1b12a9e,523
org-38ce5a94-18db-40ef-afbf-d5988bed091a,loc-1e220bde-a33b-470a-8809-6ad95e595a2b,510
org-668e8d67-584b-4d48-8612-9ddec5f0818c,loc-f3f01f79-eb04-48a8-8576-ae9a582d26ee,502
org-1a651fec-a83d-4217-87e3-d0f4ba536446,loc-bee1a041-84bb-4cd2-9533-50403bca372c,497
org-668e8d67-584b-4d48-8612-9ddec5f0818c,loc-8b0189db-c44f-4377-9e89-87b704a5feeb,496
org-fce5853c-91e9-4f26-bdcf-120c6812bba3,loc-97b3c617-f82c-4929-a130-f802472c7ff2,477
org-4585bb5a-550f-4776-8293-32326ec86a77,loc-32ca4b61-5350-435d-ac7b-56ebec38d536,465
org-5834d77c-4c45-4f98-a110-4c0fcd977490,loc-c5c4386c-c04a-43f2-9a91-61983b93e770,464
org-2860c9bb-1a6d-482c-aa7a-d3fce2556b66,loc-57afbaae-26b8-4efd-936f-cc645150be71,458
org-5cf80db5-7a28-4dcf-846b-8cdf5f362269,loc-d9709a0c-8c9e-4a7b-a0d7-4d5fb98f7cff,450
org-0991e484-3371-48e3-ae2d-dd7639b00327,loc-36a67e05-cb3d-472f-9651-6ecf8ebc14b6,435
org-14bb3e55-31ab-48f3-8a7f-b11e32c097c0,loc-39888cb9-fd56-4291-a40a-7e3b4a8004cf,420
org-5cf80db5-7a28-4dcf-846b-8cdf5f362269,loc-045a3a40-2d31-4c7d-8720-f2ba59687eb7,408
org-09760038-c46d-45e8-b02e-09e339975a14,loc-49d783f0-8f47-4e28-9eac-b6596d2d1fe1,400
org-7b76f4b4-7732-43b7-8c89-0a6c949ba1c2,loc-255468cd-1236-434d-97bc-b23d2fb40d14,395
org-09760038-c46d-45e8-b02e-09e339975a14,loc-11e526af-45d2-43c5-bc8b-44bd6b33b9d9,385
org-5cf80db5-7a28-4dcf-846b-8cdf5f362269,loc-80acc398-4bb5-47fe-afdf-544935aba9d8,377
org-7b76f4b4-7732-43b7-8c89-0a6c949ba1c2,loc-0a80b5a6-3987-4771-bfe6-b284613088d8,373
org-5cf80db5-7a28-4dcf-846b-8cdf5f362269,loc-345bb370-1ef0-4cbd-abb1-546b332dfea4,363
org-dn9ukvce9j,loc-d4d41d8c-d276-4e4d-afd6-ddd89ec029e1,362
org-72eadd77-9220-4e49-89ac-e237aec382c3,loc-34cfdbd0-d44b-4605-94fb-8a990a90eba2,342
org-3300ed5d-1c5c-44a6-8187-a05395397a21,loc-66f28bae-1ef9-46a0-b47a-a6ec3b6e9856,337
org-c0b45cff-b4b8-4bf2-8d97-5aca04145b9b,loc-c7057e1e-1526-44ec-a418-3671e3dbbeeb,335
org-5cf80db5-7a28-4dcf-846b-8cdf5f362269,loc-30320f69-2b42-49bf-9a9b-de063afeb09e,334
org-c1047cb3-6f67-4800-8e27-99c54d3980bc,loc-4c301b90-1cd2-4bcc-8b94-009656c897b7,323
org-668e8d67-584b-4d48-8612-9ddec5f0818c,loc-60af4318-1da2-418a-983b-6262ee0fe1a1,322
org-e07af72f-850f-4266-a421-23709dd503da,loc-d0f4c6f1-9c40-44be-ac74-6484a65031e5,319
org-631c6045-e03f-4c48-a9a5-47eb70e396e9,loc-a8970745-e073-4e5d-bfc0-b4cf6295ecd9,313
org-09760038-c46d-45e8-b02e-09e339975a14,loc-c6acbb00-9878-42fd-9288-0c41462ae023,296
org-c0b45cff-b4b8-4bf2-8d97-5aca04145b9b,loc-62b47ec8-4fc2-4a8b-b395-a00c44ddb8d8,295
org-09760038-c46d-45e8-b02e-09e339975a14,loc-64b06f6f-2783-40b0-9833-7bda40fd5912,291
org-5cf80db5-7a28-4dcf-846b-8cdf5f362269,loc-9fa891e4-2f3e-4e8c-a389-88bed61bb7a9,272
org-1ba4c95c-5467-49c0-8243-24cfee7e708c,loc-12ba66a9-e85b-446b-baad-679e03c7c360,265
com-q9raq2mv7j,loc-mxvhckwa9g,257
org-65bbe78d-c83b-49eb-aeab-0d7a17bc7239,loc-0e7d6220-d89c-4201-8a0d-71822496f5aa,256
org-6844ae40-c720-4b76-b928-b598fdabdf94,loc-64e8926b-4a6d-49c7-bb08-503ae3f66a6f,255
org-5e402379-adf4-4769-8095-d34c12766a4a,loc-6eba0694-d850-46a7-ba9b-384bf4c5f3e4,252
org-d7a82a2f-b933-4459-8a1e-91a605df80f7,loc-df0862d3-2ab5-44e8-86c4-56d3cf067c95,248
org-8aa8f39e-182e-4069-9367-3ddfd9b9ac42,loc-441c59d1-3bc5-4167-b631-a94af771e292,243
org-7b76f4b4-7732-43b7-8c89-0a6c949ba1c2,loc-17d2c6db-340d-4071-9660-46adb156aaf5,242
org-5cf80db5-7a28-4dcf-846b-8cdf5f362269,loc-be78f784-399f-4abc-b870-d11ba58bd51c,242
org-00523c63-32e3-4348-8d6f-09ed1fc2d631,loc-39b02232-5a4d-4742-b56a-1d9259cca742,229
org-e31ae381-187c-4e3a-9c8f-9b37cacd2b34,loc-37726f78-9cdf-4cd8-a73f-7ee1a2458c7d,224
org-cd96c9c6-bcbd-4356-a9d0-b30147b4977f,loc-ca7561f6-2f79-4cf7-863b-a30207ae92bc,221
org-668e8d67-584b-4d48-8612-9ddec5f0818c,loc-63500087-b7a9-4d88-aa40-cf30db21bade,220
org-3300ed5d-1c5c-44a6-8187-a05395397a21,loc-97cd283b-07ab-4e18-8a7d-2509e704e7c2,216
org-d4efebe6-0ab3-4f44-a113-b9653a58c1d2,loc-e60e71e9-9be3-4d55-aa83-23ef8f8137a4,213
org-7b76f4b4-7732-43b7-8c89-0a6c949ba1c2,loc-74bbb888-dc97-4f0f-b28a-5b4fed988787,210
org-ccab0ac0-6515-439e-9adc-80ac4b40fed8,loc-8c4654e9-1ad4-4802-bdf8-419d265fa711,210
org-81961a5e-0b5a-4e74-bd1f-9dbce15fc3ee,loc-10f1464d-a326-4267-987e-9860caab737a,210
org-91d0f611-fa06-42dc-b616-282c4d8dfda3,loc-a9023608-4c34-4ad2-b234-d9cd754b49f2,196
org-f1b0904b-8968-4c94-99c7-789aad407474,loc-0cdb56ae-7f90-45bd-961e-f247e88686ba,195
org-81961a5e-0b5a-4e74-bd1f-9dbce15fc3ee,loc-a6361798-d9bf-4a75-8a5a-d9eb7d3ccf86,193
org-5cf80db5-7a28-4dcf-846b-8cdf5f362269,loc-1ceedda5-1f2f-49af-852d-e981afdefe50,186
org-c0b45cff-b4b8-4bf2-8d97-5aca04145b9b,loc-097010f4-71e9-48a3-9713-0d17f3580ada,186
org-c0b45cff-b4b8-4bf2-8d97-5aca04145b9b,loc-dea174fc-7479-4e93-ba7b-853149a86002,185
org-668e8d67-584b-4d48-8612-9ddec5f0818c,loc-7652f3e8-4b88-41f6-81f9-63664d17b87b,179
org-5cf80db5-7a28-4dcf-846b-8cdf5f362269,loc-8dfd4e52-cabc-4c6f-90f6-48c71608225c,178
org-5cf80db5-7a28-4dcf-846b-8cdf5f362269,loc-f42e2dd4-4c12-4ada-9d9b-153aee590b24,175
org-c0b45cff-b4b8-4bf2-8d97-5aca04145b9b,loc-1b91d355-93ec-4e71-a652-2a7adb4d47e8,173
org-5e402379-adf4-4769-8095-d34c12766a4a,loc-837a99bd-0b04-4c11-a8ed-b62bdbde7e4a,167
org-c0b45cff-b4b8-4bf2-8d97-5aca04145b9b,loc-73796cdc-bc68-419c-8d46-9e5d7946549c,157
org-c0b45cff-b4b8-4bf2-8d97-5aca04145b9b,loc-e262033c-e310-4a28-b128-4ea0d7ad99ce,155
org-b9ae9059-7406-4995-ba04-b2dcc28d1ef0,loc-ac8d7868-f180-4a0b-af65-5c816580ef84,152
org-668e8d67-584b-4d48-8612-9ddec5f0818c,loc-a09b1a05-ebf1-414c-8030-14d355fe4349,150
org-271f7cc5-29e3-44e8-bbe2-a17923d3baf4,loc-dae0d8f5-0041-4a9f-9e28-075d7cde08e0,144
org-06f2ea93-bc07-4f0b-9d46-3cf13d0c5f54,loc-cc8472f4-5c3e-4aee-bceb-267dccfa47df,135
org-d0355cb5-5907-4f98-938a-1559cc3bb990,loc-3cee0359-0ed0-4d39-a91a-91a6a0a2d897,131
org-b0e68dc8-58e7-4b15-a577-af573fe3f78e,loc-b059c6ed-def5-4ead-85fe-f094d070f125,130
org-00523c63-32e3-4348-8d6f-09ed1fc2d631,loc-bc154f25-a21d-4c85-bc5b-f39594199911,122
org-2e18c3a6-5a09-4500-85b9-fd63ea3c7172,loc-40de3f29-2a35-4773-95a2-69bf26d84058,120
org-00523c63-32e3-4348-8d6f-09ed1fc2d631,loc-d84e3ac3-e7c0-4b78-8b71-6278a30ba290,117
org-dn9ukvce9j,loc-6ef412b3-52fb-4ce9-94a6-3a6af9246342,116
org-c0b45cff-b4b8-4bf2-8d97-5aca04145b9b,loc-78387fe4-7c2c-403c-a1b6-f2553a2d043f,112
org-5cf80db5-7a28-4dcf-846b-8cdf5f362269,loc-ca44ff60-6e89-4812-9dcd-49056e1efdd2,101
org-5cf80db5-7a28-4dcf-846b-8cdf5f362269,loc-a09c3940-2f77-4e49-90da-be836264a01f,101
org-9fd6aa98-d8f1-40bc-bd86-73c6a898ef1e,loc-6b2742ee-a8a8-466e-bddf-d69e0089f6b5,101
org-668e8d67-584b-4d48-8612-9ddec5f0818c,loc-da821a62-1c77-4f74-a798-bdd1283fa30b,96
org-81961a5e-0b5a-4e74-bd1f-9dbce15fc3ee,loc-5885a1ea-7dca-4808-b8f8-4a7c698fc62f,95
org-c0b45cff-b4b8-4bf2-8d97-5aca04145b9b,loc-61f595a9-00ce-4beb-b6a6-abb520de5e62,95
org-668e8d67-584b-4d48-8612-9ddec5f0818c,loc-a544064b-97b6-47dc-a046-226e28b19a5b,92
org-c0b45cff-b4b8-4bf2-8d97-5aca04145b9b,loc-26df8cab-e94b-46fe-81cd-3b265e18e7ee,90
org-7b76f4b4-7732-43b7-8c89-0a6c949ba1c2,loc-907ababd-272e-4961-87b1-605c17d88a08,78
org-668e8d67-584b-4d48-8612-9ddec5f0818c,loc-49afa185-4f06-4265-b9c5-eace9bd03eca,76
org-d7b0699e-c988-4a3a-aac2-66c0daa2dc9b,loc-cb90fac9-182c-42a3-84cc-d32a1bfbecd5,75
org-d7a82a2f-b933-4459-8a1e-91a605df80f7,loc-e4645724-f0bc-4b02-98d3-b04da0145bf8,73
org-668e8d67-584b-4d48-8612-9ddec5f0818c,loc-d87d1bbd-5bfc-4856-b1be-390be6347c2a,73
org-668e8d67-584b-4d48-8612-9ddec5f0818c,loc-fba07c26-3461-4647-a8a0-d9e3fc728320,73
org-668e8d67-584b-4d48-8612-9ddec5f0818c,loc-980f7f29-34d0-435e-a7ff-b1c018f6c6a8,71
org-81961a5e-0b5a-4e74-bd1f-9dbce15fc3ee,loc-73318099-09c3-42ea-a10e-3475fc396388,65
org-668e8d67-584b-4d48-8612-9ddec5f0818c,loc-64396e3e-986a-4500-90f0-ec0b2af22cc6,65
org-84cdc751-3b4d-4d08-a37e-1c1e024a1b75,loc-d3d34ef1-0088-42ff-8fdd-03dc8df0b5d7,64
org-668e8d67-584b-4d48-8612-9ddec5f0818c,loc-19126ca0-1c92-47b0-ae14-a6a873cf9639,57
com-aqucw8u0y8,loc-71eb392f-9c3a-4e7a-af6d-aee2f7e21925,56
org-c423a6da-65d4-4372-81f8-d80fecf3e71f,loc-c8f1def6-0980-42a1-a2e7-6f960b442f5c,55
org-668e8d67-584b-4d48-8612-9ddec5f0818c,loc-0bb0bf11-fe00-400d-87f8-2601cce1f033,54
org-ec036282-b0cb-48b7-b085-07778d8a9490,loc-3e1740ce-d5cc-48f7-a792-ba41d3323fec,53
org-7b76f4b4-7732-43b7-8c89-0a6c949ba1c2,loc-2c503a96-73d6-4e4d-96b1-1aa994941f48,51
org-71d61bba-fcd2-4367-9041-c8e3639753d4,loc-c64915e0-786d-4c1a-9df3-510039a95d81,50
org-668e8d67-584b-4d48-8612-9ddec5f0818c,loc-47ae18ad-8089-4c76-80d0-8202785cc8a3,50
org-ec036282-b0cb-48b7-b085-07778d8a9490,loc-e04baaea-ca0b-481b-aebf-3cbcca96eff3,49
com-q9raq2mv7j,loc-38c5fbfr7x,48
org-f1b0904b-8968-4c94-99c7-789aad407474,loc-2f111556-2994-48a1-83ac-8e34ca66c908,48
org-d7a82a2f-b933-4459-8a1e-91a605df80f7,loc-0a2ba439-ed3e-4aaf-aa2d-4585c97de7ef,46
org-05c35254-b0c6-4383-8d01-ddb875835770,loc-c61c9acf-2754-48e3-802f-1c3965fc46c9,46
org-ec036282-b0cb-48b7-b085-07778d8a9490,loc-c06fd51d-cbbd-4e9d-acf0-cbc6951da65c,44
org-ec036282-b0cb-48b7-b085-07778d8a9490,loc-27bb8e7f-4eac-49f5-946c-a3478273e3e9,43
org-91d0f611-fa06-42dc-b616-282c4d8dfda3,loc-6e7b9db3-563b-4433-a013-a2195f8f60f9,36
org-6477410b-c45f-482f-92c6-31ca3f191d70,loc-7f64cab3-58cc-4596-adf6-92689f3033cd,36
org-71d61bba-fcd2-4367-9041-c8e3639753d4,loc-85ba1d23-1560-4ebc-bb9a-c621e327f626,33
org-668e8d67-584b-4d48-8612-9ddec5f0818c,loc-a36426ff-92d0-4a60-8351-534c04cc73da,33
org-afc9771a-d153-497e-ad85-c8356572a7e6,loc-00cabd1d-4f1e-4e4a-96b3-fcb446230341,33
org-dn9ukvce9j,loc-861a9ec0-572f-4b52-ad76-9b5e195a01bd,29
org-ec036282-b0cb-48b7-b085-07778d8a9490,loc-51db254f-f403-4325-9cc7-32ff3c628a61,29
org-28e544a5-776e-4870-ac64-d10d069142a8,loc-6960ea36-38f2-4794-a510-7c7af7aafee2,28
org-8b715974-fccf-44f2-950a-adbc687fe9bf,loc-1408590b-bb6d-42ea-9e86-fac19613930d,24
org-ec036282-b0cb-48b7-b085-07778d8a9490,loc-e96ed8d0-89b6-41c5-96fa-56a04e7a9a36,24
com-8umc347sbf,loc-f5187134-908b-478d-b8f7-3e1b29cb1e52,23
org-ccab0ac0-6515-439e-9adc-80ac4b40fed8,loc-e9c4b2e9-3ac4-4303-aa6b-bc40d96c1743,22
org-668e8d67-584b-4d48-8612-9ddec5f0818c,loc-c3b58196-5855-41b4-802b-d89525c782ff,20
org-668e8d67-584b-4d48-8612-9ddec5f0818c,loc-e58d3798-5d42-4d4c-90b7-424ce9c78d57,20
org-ec036282-b0cb-48b7-b085-07778d8a9490,loc-18e3cb29-4df2-4a09-b5e2-9db26800ece2,20
org-d7a82a2f-b933-4459-8a1e-91a605df80f7,loc-56110a26-429b-466f-8815-e1a27097d28a,20
org-2e18c3a6-5a09-4500-85b9-fd63ea3c7172,loc-2da56c0c-7a96-44fd-83c3-a115fd899c8f,20
org-91d0f611-fa06-42dc-b616-282c4d8dfda3,loc-4b7e62ca-8d2b-4a23-81d9-9de1843aeba2,19
org-2e18c3a6-5a09-4500-85b9-fd63ea3c7172,loc-f6301e40-9093-4afd-af8c-3da596dd6635,18
org-00523c63-32e3-4348-8d6f-09ed1fc2d631,loc-61fca662-b75d-4187-a3d2-baa5040a4a22,18
org-2730deb5-9353-48b3-84b8-99def62a4adf,loc-c1e8d7fc-2002-41de-a9b9-64468ccc865b,17
org-d7a82a2f-b933-4459-8a1e-91a605df80f7,loc-16d076d3-3e0c-4511-b64a-cc75672a8b2c,15
org-c0b45cff-b4b8-4bf2-8d97-5aca04145b9b,loc-c84ca6fe-9de4-4134-a999-7dee474b78bf,15
org-ec036282-b0cb-48b7-b085-07778d8a9490,loc-b40e20a4-587d-4d44-9746-6a129055c4df,14
org-ec036282-b0cb-48b7-b085-07778d8a9490,loc-d82ee5fd-29a9-454b-96b7-f5f148bd2a5b,12
org-ec036282-b0cb-48b7-b085-07778d8a9490,loc-3eaa4588-ef60-406b-85a0-60228d404005,12
org-b46729a6-a586-48c6-9ad0-92f669762966,loc-53bed1a9-2023-42d9-8857-9e7099957766,12
org-ec036282-b0cb-48b7-b085-07778d8a9490,loc-ed88540e-679a-4913-9ffa-784e3ef04e81,12
org-d8d05371-94db-4e9c-aff5-27e4428a758a,loc-ce09738b-8168-41db-a8aa-15c2cc49f526,11
org-ec036282-b0cb-48b7-b085-07778d8a9490,loc-3e1b7688-2213-4e7f-b830-91dd0e69195b,11
org-ec036282-b0cb-48b7-b085-07778d8a9490,loc-392a8845-d936-4158-9cd6-36a6e465114e,11
org-ec036282-b0cb-48b7-b085-07778d8a9490,loc-80791c0c-2b2b-48f5-b71f-6062e64fd30d,11
org-ec036282-b0cb-48b7-b085-07778d8a9490,loc-06c63c13-a6f9-40cf-8f4f-2c62fe752470,10
org-ec036282-b0cb-48b7-b085-07778d8a9490,loc-eb5ede80-2b86-4fec-82c8-dffbe20ab744,9
org-c0b45cff-b4b8-4bf2-8d97-5aca04145b9b,loc-6c81b70b-7719-4965-8485-4d153c68923f,8
org-ec036282-b0cb-48b7-b085-07778d8a9490,loc-6b7275fd-ae2d-49cd-8b88-f6913e33b589,8
org-ec036282-b0cb-48b7-b085-07778d8a9490,loc-8acb225e-abd6-4fad-b7f1-3ff785e14fe4,8
org-d4efebe6-0ab3-4f44-a113-b9653a58c1d2,loc-a3416bb8-76aa-4dee-bc82-1fc15ea5af09,7
org-ec036282-b0cb-48b7-b085-07778d8a9490,loc-9b49dfa9-da04-41d1-8cfd-9bf7a4d34500,6
org-c0b45cff-b4b8-4bf2-8d97-5aca04145b9b,loc-31065ed6-77af-44c6-8a72-15cebb3e100e,6
org-90994f26-b1e4-4629-8216-253536d709a9,loc-c17973f4-84da-46ff-9a20-ed0efb9865e6,5
org-668e8d67-584b-4d48-8612-9ddec5f0818c,loc-2f55ad3e-4037-4468-a265-cbc36e51d6b0,4
org-668e8d67-584b-4d48-8612-9ddec5f0818c,loc-0363bd44-ee45-49ca-9fab-e8e63041ef90,4
org-668e8d67-584b-4d48-8612-9ddec5f0818c,loc-76d87308-1cfc-4a5d-86d4-ffead9c7828d,4
org-00523c63-32e3-4348-8d6f-09ed1fc2d631,loc-a71c5ca4-5596-4e67-9273-7c4d5d1ffb76,4
org-668e8d67-584b-4d48-8612-9ddec5f0818c,loc-124c734f-93d8-49dc-8611-e91106c9d712,4
org-668e8d67-584b-4d48-8612-9ddec5f0818c,loc-5ca5d83a-7313-43f0-8756-281be974a324,4
org-da401e9e-f16f-4b29-a3a3-98b7abdc8258,loc-c9523299-f9f1-49e4-ba80-76f18b22614f,3
org-c98c00a8-381f-4b79-ab5e-2c67e1d999da,loc-840fb318-1784-49a1-8019-71bd858d0ed9,3
org-5d9348a9-46d4-448e-84f2-0afeec8bf52b,loc-956a71bd-7003-4adc-8f57-c41472018f7b,2
org-d7a82a2f-b933-4459-8a1e-91a605df80f7,loc-84373d94-a3b3-4cdc-a49f-5088d3151e20,1
org-d7a82a2f-b933-4459-8a1e-91a605df80f7,loc-a3f7c2b3-73d9-428a-a75f-ad220653fd61,1
